Date List Produced,Record Expiration Date,Company Name,Mailing Address,Mailing City,Mailing State,Mailing Zip Code,Mailing Zip 4,Credit Rating Score,Location Employee Size Range,IUSA Number,Executive Last Name,Executive First Name,Executive Gender,Executive Title,Fax Number Combined,Phone Number Combined,Primary SIC Code,Primary SIC Code Description,Location Sales Volume Range,SIC Code 1,SIC Code Description 1,Lead Status,Tags
10/02/2018,04/02/2019,1-800-Radiator & A/C,,Benicia,CA,94510,,C,1 to 4,734425238,,,,,,(414) 607-6820,7539-01,Automobile Radiator Repairing,"Less Than $500,000",7539-01,Automobile Radiator Repairing,,
10/02/2018,04/02/2019,1-800-Radiator & A/C,2990 Bay Vista Ct,Benicia,CA,94510,1194,B,1 to 4,721086095,,,,,,(858) 271-7161,5531-32,Radiators-Automotive-Retail,"$500,000-1 Million",5531-32,Radiators-Automotive-Retail,,
10/02/2018,04/02/2019,1-800-Radiator & A/C,4650 E 2nd St,Benicia,CA,94510,1049,B,1 to 4,711792612,,,,,,(707) 297-6019,5531-32,Radiators-Automotive-Retail,"$500,000-1 Million",5531-32,Radiators-Automotive-Retail,,
10/02/2018,04/02/2019,7 Flags Car Wash Self Svc,451 E O St,Benicia,CA,94510,,B,1 to 4,858541055,Anthony,Jack,Male,Owner,,(707) 746-0777,7542-01,Car Washing & Polishing,"Less Than $500,000",7542-01,Car Washing & Polishing,,
10/02/2018,04/02/2019,907 Grill,907 1st St,Benicia,CA,94510,3217,A,5 to 9,626686414,Hadeed,Ibrahim,Male,Owner,,(707) 746-0505,5812-08,Restaurants,"Less Than $500,000",5812-08,Restaurants,,
10/02/2018,04/02/2019,A Hofheimer David H Dc Esq,PO Box 52,Benicia,CA,94510,0052,B,1 to 4,718050548,Hofheimer,David H,Male,Owner,,(707) 745-9700,8041-01,Chiropractors DC,"Less Than $500,000",8041-01,Chiropractors DC,,
10/02/2018,04/02/2019,A LA Mer Skin Spa,,Benicia,CA,94510,,B+,1 to 4,657655601,,,,,,(707) 745-2488,7231-06,Beauty Salons,"Less Than $500,000",7231-06,Beauty Salons,,
10/02/2018,04/02/2019,A Lago Salon,949 Grant St # A,Benicia,CA,94510,2938,B+,1 to 4,416094575,Lago,Alex,Male,Owner,,(707) 745-1450,7231-06,Beauty Salons,"Less Than $500,000",7231-06,Beauty Salons,,
10/02/2018,04/02/2019,A Lily Of Gold,2006 Columbus Pkwy,Benicia,CA,94510,5400,B+,1 to 4,415569491,Pangelina,Amanda,Female,Owner,,(707) 747-5000,7231-19,Spas-Beauty & Day,"Less Than $500,000",7231-19,Spas-Beauty & Day,,
10/02/2018,04/02/2019,A Wise Tax Svc,1350 Hayes St # B14,Benicia,CA,94510,2933,C+,1 to 4,427393082,Wise,Al,Male,Owner,,(707) 634-4829,8721-05,Tax Consultants,"Less Than $500,000",8721-05,Tax Consultants,,
10/02/2018,04/02/2019,Abbott Concrete,832 Elane Way,Benicia,CA,94510,3023,B+,5 to 9,412882001,Abbott,Jason,Male,Owner,,(707) 758-6141,1771-05,Concrete Contractors,"$500,000-1 Million",1771-05,Concrete Contractors,,
10/02/2018,04/02/2019,ABC Muffler & Hitch,4592 E 2nd St # G,Benicia,CA,94510,1000,A,1 to 4,858542079,Richards,Jeff,Male,President,,(707) 746-5488,7533-01,Mufflers & Exhaust Systems-Engine,"Less Than $500,000",7533-01,Mufflers & Exhaust Systems-Engine,,
10/02/2018,04/02/2019,Accurate Electric,,Benicia,CA,94510,,C,1 to 4,710333302,,,,,,(707) 745-3360,1731-01,Electric Contractors,"Less Than $500,000",1731-01,Electric Contractors,,
10/02/2018,04/02/2019,ADT 24-7 Alarm Monitoring,,Benicia,CA,94510,,A,5 to 9,416094671,,,,,,(707) 745-4070,7382-02,Security Systems,"$500,000-1 Million",7382-02,Security Systems,,
10/02/2018,04/02/2019,Advanced Home Health Northbay,1100 Rose Dr # 160,Benicia,CA,94510,3642,C+,5 to 9,722433108,,,,,,(707) 745-3751,8082-01,Home Health Service,"Less Than $500,000",8082-01,Home Health Service,,
10/02/2018,04/02/2019,Advanced Mortgage,615 1st St,Benicia,CA,94510,3211,A,5 to 9,487441180,,,,,,(707) 750-5359,6162-01,Real Estate Loans,$1-2.5 Million,6162-01,Real Estate Loans,,
10/02/2018,04/02/2019,Advanced Mortgage Svc,1090 Adams St # L,Benicia,CA,94510,2953,B,1 to 4,712660615,,,,,,(707) 745-9600,6162-01,Real Estate Loans,$1-2.5 Million,6162-01,Real Estate Loans,,
10/02/2018,04/02/2019,Affiliated Insurance Brokers,1440 Military W # 202,Benicia,CA,94510,2450,C+,1 to 4,625822531,Small,Ric,Male,,,(707) 746-0590,7389-79,Notaries-Public,"Less Than $500,000",7389-79,Notaries-Public,,
10/02/2018,04/02/2019,Affordable Quality Cabinets,4852 E 2nd St,Benicia,CA,94510,1023,B+,1 to 4,394861439,Lemone,Allan,Male,Owner,(707) 745-1063,(707) 745-2100,5712-36,Cabinets,"$500,000-1 Million",5712-36,Cabinets,,
10/02/2018,04/02/2019,Aftermarket Radiator Exchange,4401 Park Rd,Benicia,CA,94510,1124,B+,1 to 4,440010134,,,,,,(989) 695-9700,7539-01,Automobile Radiator Repairing,"Less Than $500,000",7539-01,Automobile Radiator Repairing,,
10/02/2018,04/02/2019,Ahern Rentals,3673 Mallard Dr,Benicia,CA,94510,1244,A+,20 to 49,246605885,Callfield,Brian,Male,Manager,(707) 748-7996,(707) 748-1990,6531-27,Rental Agencies,$2.5-5 Million,6531-27,Rental Agencies,,
10/02/2018,04/02/2019,Albertson's Abbey Carpet-Floor,736 1st St,Benicia,CA,94510,3214,B+,5 to 9,715034074,,,,,,(707) 746-0324,5713-05,Carpet & Rug Dealers-New,$1-2.5 Million,5713-05,Carpet & Rug Dealers-New,,
10/02/2018,04/02/2019,Alex's Automotive Repair Ctr,3190 Bayshore Rd,Benicia,CA,94510,1232,A,5 to 9,308638261,Fernandez,Russ,Male,Owner,,(707) 746-5333,7538-01,Automobile Repairing & Service,"$500,000-1 Million",7538-01,Automobile Repairing & Service,,
10/02/2018,04/02/2019,Ali'i Sushi & Bbq,2126 Columbus Pkwy,Benicia,CA,94510,5402,B+,5 to 9,426423268,Ocreto,Ernest,Male,Owner,,(707) 747-5299,5812-08,Restaurants,"Less Than $500,000",5812-08,Restaurants,,
10/02/2018,04/02/2019,All About Beauty Day Spa,519 1st St,Benicia,CA,94510,3209,B+,1 to 4,416094616,,,,,,(707) 747-1471,7231-06,Beauty Salons,"Less Than $500,000",7231-06,Beauty Salons,,
10/02/2018,04/02/2019,All Gutters Svc,221 Commercial,Benicia,CA,94510,,B,1 to 4,657656559,,,,,,(707) 333-7058,1761-03,Gutters & Downspouts,"Less Than $500,000",1761-03,Gutters & Downspouts,,
10/02/2018,04/02/2019,Alliance Capital-Peter J Szabo,810 Oxford Way,Benicia,CA,94510,3646,A,1 to 4,858544497,Kraus,Peter,Male,CEO,,(707) 747-5104,6282-03,Financial Advisory Services,"Less Than $500,000",6282-03,Financial Advisory Services,,
10/02/2018,04/02/2019,Allstate Insurance,191 Military E # B,Benicia,CA,94510,2742,A,1 to 4,438235119,Guillermo,Jose N,Male,Owner,(707) 748-5818,(707) 748-5815,6411-12,Insurance,"Less Than $500,000",6411-12,Insurance,,
10/02/2018,04/02/2019,Alpha Pacific Painting,113 Banbury Way,Benicia,CA,94510,1604,C+,1 to 4,410190948,,,,,,(707) 746-1656,1721-01,Painters,"Less Than $500,000",1721-01,Painters,,
10/02/2018,04/02/2019,Alpine Power Systems,538 Stone Rd # C,Benicia,CA,94510,1174,B+,1 to 4,700327074,,,,,,(707) 746-5844,8748-15,Telecommunications Consultants,"Less Than $500,000",8748-15,Telecommunications Consultants,,
10/02/2018,04/02/2019,American General Life Ins Co,300 Military W,Benicia,CA,94510,3037,A,1 to 4,487436743,Tierney,Michael J,Male,Manager,,(707) 747-0347,6411-12,Insurance,"Less Than $500,000",6411-12,Insurance,,
10/02/2018,04/02/2019,American Pacific Mortgage,2000 Columbus Pkwy,Benicia,CA,94510,5400,A,1 to 4,424534969,Norman,Pam,Female,Manager,,(916) 824-8700,6162-01,Real Estate Loans,$1-2.5 Million,6162-01,Real Estate Loans,,
10/02/2018,04/02/2019,Amso Health & Chiropractic MD,310 Military W # A,Benicia,CA,94510,3078,A,1 to 4,262266786,Amso,Basar,Male,Owner,,(707) 752-2990,8041-01,Chiropractors DC,"Less Than $500,000",8041-01,Chiropractors DC,,
10/02/2018,04/02/2019,"Amso, Bashar Dc",310 Military W,Benicia,CA,94510,3078,P,1 to 4,734509130,Amso,Bashar,Male,,,(707) 642-2676,8041-01,Chiropractors DC,"Less Than $500,000",8041-01,Chiropractors DC,,
10/02/2018,04/02/2019,Andersen Windows-West Coast,2250 Commerce Ave # A,Benicia,CA,94510,,B,5 to 9,439752241,,,,,,(707) 361-4716,5211-07,Windows,$1-2.5 Million,5211-07,Windows,,
10/02/2018,04/02/2019,Anderson Roofing,PO Box 156,Benicia,CA,94510,0156,B,1 to 4,961089950,Anderson,Phil,Male,Owner,,(707) 321-2625,1761-09,Roofing Contractors,"Less Than $500,000",1761-09,Roofing Contractors,,
10/02/2018,04/02/2019,Angel's Spa,2016 Columbus Pkwy,Benicia,CA,94510,5400,C,1 to 4,722539297,,,,,,(707) 297-6317,7991-05,Health Spas,"Less Than $500,000",7991-05,Health Spas,,
10/02/2018,04/02/2019,Animal Clinic Of Benicia,402 Military E,Benicia,CA,94510,2813,A+,10 to 19,858539166,Aleixo,Laurie,Female,Owner,(707) 745-4820,(707) 745-5993,0742-03,Animal Hospitals,$1-2.5 Million,0742-03,Animal Hospitals,,
10/02/2018,04/02/2019,Annie's Nails,2004 Columbus Pkwy,Benicia,CA,94510,5400,B,1 to 4,902066901,Thai,Bina,Female,Owner,,(707) 747-6688,7231-06,Beauty Salons,"Less Than $500,000",7231-06,Beauty Salons,,
10/02/2018,04/02/2019,Appiano Installation Inc,4562 E 2nd St # D,Benicia,CA,94510,1014,C+,1 to 4,403759636,,,,,,(707) 751-0587,1521-13,Bathroom Remodeling,"$500,000-1 Million",1521-13,Bathroom Remodeling,,
10/02/2018,04/02/2019,Aroma Indian Cuisine-Benicia,818 1st St,Benicia,CA,94510,3216,B+,5 to 9,689530475,,,,,,(707) 745-1870,5812-08,Restaurants,"Less Than $500,000",5812-08,Restaurants,,
10/02/2018,04/02/2019,Asset Preservation-Associated,2150 Columbus Pkwy,Benicia,CA,94510,5402,A,1 to 4,588794073,,,,,(707) 557-6805,(707) 747-5100,6411-12,Insurance,"Less Than $500,000",6411-12,Insurance,,
10/02/2018,04/02/2019,Athletics Galore,500 Stone Rd,Benicia,CA,94510,1114,B,1 to 4,858543366,Nowling,Aaron,Male,Owner,(707) 747-0986,(707) 746-7356,5699-17,T-Shirts-Retail,"Less Than $500,000",5699-17,T-Shirts-Retail,,
10/02/2018,04/02/2019,Ats Tax,1075 1st St # 6,Benicia,CA,94510,3200,A,5 to 9,858536196,Barata,Sylvia,Female,Owner,(707) 745-0281,(707) 745-1040,8721-05,Tax Consultants,"Less Than $500,000",8721-05,Tax Consultants,,
10/02/2018,04/02/2019,B & B Window & Gutter Cleaning,522 Toyon Pl,Benicia,CA,94510,3717,U,1 to 4,700388798,,,,,,(510) 644-1415,7349-04,Window Cleaning,"Less Than $500,000",7349-04,Window Cleaning,,
10/02/2018,04/02/2019,Bada Bing Salon,425 Military E # G,Benicia,CA,94510,2864,B+,1 to 4,618467633,,,,,,(707) 746-5566,7231-06,Beauty Salons,"Less Than $500,000",7231-06,Beauty Salons,,
10/02/2018,04/02/2019,Baic Multi Media,117 E F St,Benicia,CA,94510,3226,C+,1 to 4,664248465,Spurlock,Cj,,Owner,,(707) 297-6789,7378-01,Computers-Service & Repair,"Less Than $500,000",7378-01,Computers-Service & Repair,,
10/02/2018,04/02/2019,Bank Of America,70 Solano Sq,Benicia,CA,94510,2712,A+,20 to 49,403995137,,,,,(707) 742-6219,(707) 747-4885,6021-01,Banks,$2.5-5 Million,6021-01,Banks,,
10/02/2018,04/02/2019,Barbarella's Beauty Salon,289 E H St,Benicia,CA,94510,3345,B+,1 to 4,858542095,Fletcher,Ruth,Female,Owner,,(707) 746-5525,7231-06,Beauty Salons,"Less Than $500,000",7231-06,Beauty Salons,,
10/02/2018,04/02/2019,Baskin-Robbins,191 Military E # G,Benicia,CA,94510,2717,A+,10 to 19,858544745,Merk,Greg,Male,Owner,,(707) 747-6119,5812-03,Ice Cream Parlors,"$500,000-1 Million",5812-03,Ice Cream Parlors,,
10/02/2018,04/02/2019,Bay Area Carpet & Maintenance,4862 E 2nd St,Benicia,CA,94510,1023,B+,10 to 19,239976145,Davis,Ronald,Male,Owner,,(707) 745-5815,7217-04,Carpet & Rug Cleaners,"$500,000-1 Million",7217-04,Carpet & Rug Cleaners,,
10/02/2018,04/02/2019,Bay Area Coffee,4201 Industrial Way,Benicia,CA,94510,1228,A+,50 to 99,388060493,Waterman,Tom,Male,Owner,(707) 745-3224,(707) 745-1320,2095-01,Coffee & Tea Products-Manufacturers,$20-50 Million,2095-01,Coffee & Tea Products-Manufacturers,,
10/02/2018,04/02/2019,Bay Area Stairs,5390 Gateway Plaza Dr,Benicia,CA,94510,2123,B,1 to 4,359078920,Crews,Steven,Male,Owner,(707) 745-1856,(707) 745-1687,1799-18,Stair Builders,"$500,000-1 Million",1799-18,Stair Builders,,
10/02/2018,04/02/2019,Beecher Carlson,1350 Hayes St,Benicia,CA,94510,2945,A+,20 to 49,403759753,,,,,,(707) 748-7566,6411-12,Insurance,$2.5-5 Million,6411-12,Insurance,,
10/02/2018,04/02/2019,Belcher Insurance,174 Carlisle Way,Benicia,CA,94510,1616,B+,1 to 4,384911574,Belcher,Cecil,Male,Manager,,(707) 745-2246,6411-12,Insurance,"Less Than $500,000",6411-12,Insurance,,
10/02/2018,04/02/2019,Benecia Family Chiropractic,1075 1st St # 3,Benicia,CA,94510,3200,A,1 to 4,625819669,Mcconnell,Megan,Female,Owner,,(707) 745-2345,8041-01,Chiropractors DC,"Less Than $500,000",8041-01,Chiropractors DC,,
10/02/2018,04/02/2019,Benecia Motor Works,1857 Park Rd,Benicia,CA,94510,2330,B,1 to 4,211415500,Vaz,Paulo,Male,Owner,,(707) 747-9753,7538-01,Automobile Repairing & Service,"Less Than $500,000",7538-01,Automobile Repairing & Service,,
10/02/2018,04/02/2019,Benicia Appliance Repair Men,842 Southampton Rd,Benicia,CA,94510,,U,1 to 4,735640957,Esposito,Donte,Male,Owner,,(530) 464-0907,7629-02,Appliances-Household-Major-Repairing,"Less Than $500,000",7629-02,Appliances-Household-Major-Repairing,,
10/02/2018,04/02/2019,Benicia Auto Sales,1060 Grant St # 1e,Benicia,CA,94510,2940,C+,1 to 4,178158754,Walsh,John,Male,Owner,,(707) 529-5372,5511-03,Automobile Dealers-Used Cars,"$500,000-1 Million",5511-03,Automobile Dealers-Used Cars,,
10/02/2018,04/02/2019,Benicia Ballet School,938 Tyler St # 204,Benicia,CA,94510,2913,B+,1 to 4,858542897,Kenrick,Margaret,Female,Exec Director,,(707) 746-6757,7911-01,Dancing Instruction,"Less Than $500,000",7911-01,Dancing Instruction,,
10/02/2018,04/02/2019,Benicia Bay Electric,318 Dale Ct,Benicia,CA,94510,2133,C+,1 to 4,237501333,LA Riviere,Arthur N,Male,Owner,,(707) 746-7466,1731-01,Electric Contractors,"Less Than $500,000",1731-01,Electric Contractors,,
10/02/2018,04/02/2019,Benicia Cabinetry,4824 E 2nd St,Benicia,CA,94510,1023,A,5 to 9,417398203,Foottit,John,Male,Sales,,(707) 746-5440,5712-11,Kitchen Cabinets & Equipment-Household,$1-2.5 Million,5712-11,Kitchen Cabinets & Equipment-Household,,
10/02/2018,04/02/2019,Benicia Cat Clinic,1410 E 2nd St,Benicia,CA,94510,2838,A+,5 to 9,402741586,,,,,,(707) 745-2287,0742-01,Veterinarians,"$500,000-1 Million",0742-01,Veterinarians,,
10/02/2018,04/02/2019,Benicia Crossfit,685 Stone Rd,Benicia,CA,94510,1055,B,1 to 4,721689130,,,,,,(707) 297-6384,7991-01,Health Clubs Studios & Gymnasiums,"Less Than $500,000",7991-01,Health Clubs Studios & Gymnasiums,,
10/02/2018,04/02/2019,Benicia Dental Care,560 1st St # B111,Benicia,CA,94510,3579,A+,5 to 9,588794081,Gapay,Joy,Female,Office Manager,(707) 747-1132,(707) 747-1110,8021-01,Dentists,"$500,000-1 Million",8021-01,Dentists,,
10/02/2018,04/02/2019,Benicia Family Dentistry,175 E N St,Benicia,CA,94510,2728,A+,1 to 4,566865432,Parish,Barry,Male,,(707) 745-1959,(707) 745-6441,8021-01,Dentists,"$500,000-1 Million",8021-01,Dentists,,
10/02/2018,04/02/2019,Benicia Fitness,606 1st St,Benicia,CA,94510,3212,A,20 to 49,301922027,Rund,Joy,Female,Owner,(707) 745-1535,(707) 745-1511,7991-01,Health Clubs Studios & Gymnasiums,"$500,000-1 Million",7991-01,Health Clubs Studios & Gymnasiums,,
10/02/2018,04/02/2019,Benicia Floor Co,84 Solano Sq,Benicia,CA,94510,2712,B,1 to 4,588793166,Bottini,Wayne,Male,Owner,(707) 745-0214,(707) 745-9024,5713-06,Floor Materials,"$500,000-1 Million",5713-06,Floor Materials,,
10/02/2018,04/02/2019,Benicia Grill,4760 E 2nd St,Benicia,CA,94510,1012,B+,5 to 9,664545654,Ahmad,Azizi,Male,Owner,,(707) 751-0155,5812-08,Restaurants,"Less Than $500,000",5812-08,Restaurants,,
10/02/2018,04/02/2019,Benicia Health & Fitness Club,1150 W 7th St # A,Benicia,CA,94510,2581,B+,5 to 9,530423771,Sorrentino,Barbara,Female,Owner,,(707) 751-0273,7991-01,Health Clubs Studios & Gymnasiums,"Less Than $500,000",7991-01,Health Clubs Studios & Gymnasiums,,
10/02/2018,04/02/2019,Benicia Heating & Air Cond,340 W Channel Rd # C,Benicia,CA,94510,1160,C+,1 to 4,858539430,Castillo,William,Male,Owner,(707) 745-6782,(707) 745-6556,1711-17,Air Conditioning Contractors & Systems,"Less Than $500,000",1711-17,Air Conditioning Contractors & Systems,,
10/02/2018,04/02/2019,Benicia Kindercare,1101 Rose Dr,Benicia,CA,94510,3659,A+,10 to 19,416094593,Certeza,Wendy,Female,Director,(707) 745-3215,(707) 745-0916,8351-02,Schools-Nursery & Kindergarten Academic,"Less Than $500,000",8351-02,Schools-Nursery & Kindergarten Academic,,
10/02/2018,04/02/2019,Benicia Oral Surgery,1440 E 2nd St # D,Benicia,CA,94510,2846,A,5 to 9,402168506,Bricker,Stephanie,Female,Office Manager,(707) 747-9625,(707) 747-9621,8021-01,Dentists,"$500,000-1 Million",8021-01,Dentists,,
10/02/2018,04/02/2019,Benicia Plumbing Inc,265 W Channel Rd,Benicia,CA,94510,1146,A,20 to 49,103991147,Cawley,William J,Male,CEO,(707) 745-0967,(707) 745-2930,1711-05,Plumbing Contractors,$2.5-5 Million,1711-05,Plumbing Contractors,,
10/02/2018,04/02/2019,Benicia State Recreation Area,1 State Park Rd,Benicia,CA,94510,3619,B+,1 to 4,214084782,Tapst,Jay,Male,Manager,,(707) 648-1911,7999-99,Amusement & Recreation NEC,"Less Than $500,000",7999-99,Amusement & Recreation NEC,,
10/02/2018,04/02/2019,Benicia Tax Svc,466 Brentwood Dr,Benicia,CA,94510,1440,C+,1 to 4,657655502,Alfeld,Louis,Male,Owner,,(707) 745-1054,7291-01,Tax Return Preparation & Filing,"Less Than $500,000",7291-01,Tax Return Preparation & Filing,,
10/02/2018,04/02/2019,Benicia's Studio One,273 E H St,Benicia,CA,94510,3345,B+,1 to 4,301921888,Dinsdale,Charlene,Female,Manager,,(707) 746-7257,7231-06,Beauty Salons,"Less Than $500,000",7231-06,Beauty Salons,,
10/02/2018,04/02/2019,Best Cuts,191 Military E # E,Benicia,CA,94510,2717,B,1 to 4,262266208,Guont,Nhan,Male,Site Manager,,(707) 751-0224,7231-06,Beauty Salons,"Less Than $500,000",7231-06,Beauty Salons,,
10/02/2018,04/02/2019,Big O Tires,415 Military E,Benicia,CA,94510,2812,A+,10 to 19,103991444,Balentine,Ray,Male,Manager,,(707) 750-5056,5531-23,Tire-Dealers-Retail,$2.5-5 Million,5531-23,Tire-Dealers-Retail,,
10/02/2018,04/02/2019,Bill Aton Painting,,Benicia,CA,94510,,C,1 to 4,439752212,,,,,,(707) 747-1772,1721-01,Painters,"Less Than $500,000",1721-01,Painters,,
10/02/2018,04/02/2019,Bill Aton Painting,917 Bolton Cir,Benicia,CA,94510,3621,C,1 to 4,410101537,Aton,Bill,Male,Owner,,(707) 396-2001,1721-01,Painters,"Less Than $500,000",1721-01,Painters,,
10/02/2018,04/02/2019,Black & Assoc,920 1st St # 205,Benicia,CA,94510,5505,A+,1 to 4,834761439,Dupuis,Steve,Male,Owner,(707) 746-1752,(707) 745-2081,6411-12,Insurance,"Less Than $500,000",6411-12,Insurance,,
10/02/2018,04/02/2019,Bombshell Hair & Ink,120 E G St,Benicia,CA,94510,3229,B+,5 to 9,625819917,Graf,Cheri,Female,Owner,,(707) 748-7950,7231-06,Beauty Salons,"Less Than $500,000",7231-06,Beauty Salons,,
10/02/2018,04/02/2019,Borg Fence & Decks,,Benicia,CA,94510,,C,1 to 4,434891799,,,,,,(707) 361-2450,1799-38,Fence Contractors,"Less Than $500,000",1799-38,Fence Contractors,,
10/02/2018,04/02/2019,Bray Concrete & Pumping,,Benicia,CA,94510,,B+,5 to 9,952493963,,,,,,(707) 745-6040,1771-05,Concrete Contractors,"$500,000-1 Million",1771-05,Concrete Contractors,,
10/02/2018,04/02/2019,Buchanan Inc,300 Military W # 306,Benicia,CA,94510,3037,A+,10 to 19,448482620,Daly,Christina,Female,Office Manager,(707) 745-5129,(707) 745-2525,8021-01,Dentists,$1-2.5 Million,8021-01,Dentists,,
10/02/2018,04/02/2019,Buck Factory Outlet,4680 E 2nd St # C,Benicia,CA,94510,1018,B,1 to 4,858539091,Fasanaro,Guy,Male,Owner,(707) 745-9708,(707) 745-5933,5719-08,Wood Burning Stoves,"Less Than $500,000",5719-08,Wood Burning Stoves,,
10/02/2018,04/02/2019,Buddahful Salon,814 1st St,Benicia,CA,94510,3216,B+,5 to 9,656849965,Pappas,Amy,Female,Owner,,(707) 745-4409,7231-06,Beauty Salons,"Less Than $500,000",7231-06,Beauty Salons,,
10/02/2018,04/02/2019,Buon Appetito-Benicia,191 Military E # F,Benicia,CA,94510,2717,A,10 to 19,588796151,Oviedo,Martino,Male,Owner,(707) 746-7496,(707) 746-7410,5812-08,Restaurants,"$500,000-1 Million",5812-08,Restaurants,,
10/02/2018,04/02/2019,Burger King,1980 Columbus Pkwy,Benicia,CA,94510,5401,A+,10 to 19,448482109,Gonzales,Rosa,Female,Site Manager,(707) 746-1980,(707) 746-1980,5812-08,Restaurants,"$500,000-1 Million",5812-08,Restaurants,,
10/02/2018,04/02/2019,Burger King,828 Southampton Rd,Benicia,CA,94510,1907,A+,10 to 19,858543135,Placsicnsia,Ramiro,Male,Site Manager,,(707) 745-6685,5812-08,Restaurants,"$500,000-1 Million",5812-08,Restaurants,,
10/02/2018,04/02/2019,By The Bay Skin Care & Massage,2006 Columbus Pkwy,Benicia,CA,94510,5400,B+,1 to 4,562659474,,,,,,(707) 747-5407,7231-06,Beauty Salons,"Less Than $500,000",7231-06,Beauty Salons,,
10/02/2018,04/02/2019,C & C Auto Benicia,4251 Park Rd,Benicia,CA,94510,1100,B+,1 to 4,177681400,Clemons,Nathan,Male,Owner,,(707) 745-9649,5531-11,Automobile Parts & Supplies-Retail-New,"Less Than $500,000",5531-11,Automobile Parts & Supplies-Retail-New,,
10/02/2018,04/02/2019,Cal Bay Svc,4740 E 2nd St # 27,Benicia,CA,94510,1024,A+,50 to 99,483051348,Estrada,Max,Male,Owner,,(707) 746-8755,1711-17,Air Conditioning Contractors & Systems,$5-10 Million,1711-17,Air Conditioning Contractors & Systems,,
10/02/2018,04/02/2019,California Comfort,4680 E 2nd St # D,Benicia,CA,94510,1018,B,1 to 4,412822311,,,,,,(707) 745-2003,5719-32,Fireplaces,"Less Than $500,000",5719-32,Fireplaces,,
10/02/2018,04/02/2019,Camellia Tea Room-Benicia,828 1st St # C,Benicia,CA,94510,3297,A+,10 to 19,902069681,Hayes,Mary Ellen,Female,Owner,(707) 746-1737,(707) 746-5293,5812-08,Restaurants,"$500,000-1 Million",5812-08,Restaurants,,
10/02/2018,04/02/2019,"Campbell, Tom DDS",164 E H St,Benicia,CA,94510,3231,A+,1 to 4,858536857,Campbell,Tom,Male,,(707) 745-1995,(707) 745-1994,8021-01,Dentists,"$500,000-1 Million",8021-01,Dentists,,
10/02/2018,04/02/2019,Canaday Family Daycare,,Benicia,CA,94510,,C+,1 to 4,980816581,Canaday,Cathy,Female,Owner,,(707) 746-1632,8351-01,Child Care Service,"Less Than $500,000",8351-01,Child Care Service,,
10/02/2018,04/02/2019,Care Network LLC,PO Box 1161,Benicia,CA,94510,4161,A,20 to 49,527063093,Haban,Carmen,Female,President,(707) 747-2723,(707) 747-2720,7389-99,Business Services NEC,$1-2.5 Million,7389-99,Business Services NEC,,
10/02/2018,04/02/2019,Carl's Jr,5990 E 2nd St,Benicia,CA,94510,1003,A+,20 to 49,961092061,Vasulco,Susanna,Female,Site Manager,(707) 745-9383,(707) 745-9191,5812-08,Restaurants,$1-2.5 Million,5812-08,Restaurants,,
10/02/2018,04/02/2019,Carla Salon,932 W 2nd St,Benicia,CA,94510,3111,B+,1 to 4,301354429,Lougee,Carla,Female,Owner,,(707) 745-9322,7231-06,Beauty Salons,"Less Than $500,000",7231-06,Beauty Salons,,
10/02/2018,04/02/2019,Carpet Of New Zealand,5401 Industrial Way,Benicia,CA,94510,1010,A+,20 to 49,239976384,Bell,Bruce,Male,Owner,(707) 747-7208,(707) 747-7205,5713-05,Carpet & Rug Dealers-New,$5-10 Million,5713-05,Carpet & Rug Dealers-New,,
10/02/2018,04/02/2019,Carquinez Dental Group,142 E D St,Benicia,CA,94510,3223,A,1 to 4,402168505,Singh,Sukhmani,Male,,(707) 745-6347,(707) 745-8002,8021-01,Dentists,"$500,000-1 Million",8021-01,Dentists,,
10/02/2018,04/02/2019,Carroll Tire Co,4280 Iowa St,Benicia,CA,94510,1198,A,10 to 19,689531366,,,,,,(707) 745-3686,5014-01,Tire-Distributors (Whls),$10-20 Million,5014-01,Tire-Distributors (Whls),,
10/02/2018,04/02/2019,Centi Mark Corp,6620 Goodyear Rd,Benicia,CA,94510,1250,A+,20 to 49,427605140,,,,,,(707) 361-2600,1761-09,Roofing Contractors,$2.5-5 Million,1761-09,Roofing Contractors,,
10/02/2018,04/02/2019,Central Backhoe & Dump Truck,408 Ofarrell Dr,Benicia,CA,94510,1407,B,1 to 4,315615278,Rogelstad,Tim,Male,Owner,,(707) 745-1824,1794-03,Excavating Contractors,"Less Than $500,000",1794-03,Excavating Contractors,,
10/02/2018,04/02/2019,Char's Hot Dogs,131 1st St # A,Benicia,CA,94510,3272,B+,1 to 4,858538382,Casarino,Kim,Female,Owner,,(707) 745-4476,5812-08,Restaurants,"Less Than $500,000",5812-08,Restaurants,,
10/02/2018,04/02/2019,Charlie's Hair Salon,133 E E St,Benicia,CA,94510,3224,A,10 to 19,487436669,Alves,Charles,Male,Owner,,(707) 745-2479,7231-06,Beauty Salons,"Less Than $500,000",7231-06,Beauty Salons,,
10/02/2018,04/02/2019,Charlie's Window Cleaning Svc,,Benicia,CA,94510,,C+,1 to 4,952498517,Cubit,Charles,Male,Owner,,(707) 746-0564,7349-04,Window Cleaning,"Less Than $500,000",7349-04,Window Cleaning,,
10/02/2018,04/02/2019,Chase,802 Southampton Rd,Benicia,CA,94510,1907,B,1 to 4,718977855,,,,,,(707) 747-1076,6282-03,Financial Advisory Services,"Less Than $500,000",6282-03,Financial Advisory Services,,
10/02/2018,04/02/2019,Check Into Cash,806 Southampton Rd # C4-A,Benicia,CA,94510,1907,B+,1 to 4,530423946,Placencia,Elizabeth,Female,Site Manager,(707) 745-9733,(707) 745-9730,6141-13,Payday Loans,$1-2.5 Million,6141-13,Payday Loans,,
10/02/2018,04/02/2019,Chevron Station,2054 Columbus Pkwy,Benicia,CA,94510,5400,A+,5 to 9,448482174,Simonin,Elysea,Female,Site Manager,,(707) 746-8308,5541-01,Service Stations-Gasoline & Oil,$5-10 Million,5541-01,Service Stations-Gasoline & Oil,,
10/02/2018,04/02/2019,Chiropractic Center Of Benicia,701 Southampton Rd # 104,Benicia,CA,94510,2076,A+,1 to 4,562659011,Wilson,Judith,Female,Owner,(707) 748-0669,(707) 748-0880,8041-01,Chiropractors DC,"Less Than $500,000",8041-01,Chiropractors DC,,
10/02/2018,04/02/2019,Chris Engine & Auto Repair Inc,PO Box 395,Benicia,CA,94510,1012,A,5 to 9,858541907,Terry,Chris,Male,Owner,,(707) 746-5143,7538-01,Automobile Repairing & Service,"$500,000-1 Million",7538-01,Automobile Repairing & Service,,
10/02/2018,04/02/2019,Christopher Group,836 Southampton Rd # B Pmb 275,Benicia,CA,94510,1960,C+,1 to 4,511820417,Christopher,Martha,Female,Owner,,(707) 746-8444,7299-34,Weight Control Services,"Less Than $500,000",7299-34,Weight Control Services,,
10/02/2018,04/02/2019,Chrysalis,333 1st St,Benicia,CA,94510,3258,B,1 to 4,707604966,,,,,,(707) 745-3765,7231-19,Spas-Beauty & Day,"Less Than $500,000",7231-19,Spas-Beauty & Day,,
10/02/2018,04/02/2019,Computer 1,737 1st St,Benicia,CA,94510,3213,C,1 to 4,394860456,Hernandez,Jorge,Male,Manager,,(707) 747-0417,7378-01,Computers-Service & Repair,"Less Than $500,000",7378-01,Computers-Service & Repair,,
10/02/2018,04/02/2019,Consumer Credit Counseling Svc,,Benicia,CA,94510,,B+,1 to 4,402168480,,,,,,(707) 745-6034,6282-03,Financial Advisory Services,"Less Than $500,000",6282-03,Financial Advisory Services,,
10/02/2018,04/02/2019,Consumers Choice Mortgage,1350 Hayes St # C6,Benicia,CA,94510,2969,B+,1 to 4,414477036,,,,,,(707) 747-5844,6162-01,Real Estate Loans,$1-2.5 Million,6162-01,Real Estate Loans,,
10/02/2018,04/02/2019,Cook Security Group,538 Stone Rd # F,Benicia,CA,94510,1174,C+,5 to 9,712457389,,,,,,(707) 745-3170,7382-02,Security Systems,"$500,000-1 Million",7382-02,Security Systems,,
10/02/2018,04/02/2019,Cook's Kitchen & Bath Inc,701 Southampton Rd # 103,Benicia,CA,94510,2076,C+,1 to 4,394861538,Cook,David,Male,President,,(707) 342-2820,1521-39,Remodeling & Repairing Bldg Contractors,"$500,000-1 Million",1521-39,Remodeling & Repairing Bldg Contractors,,
10/02/2018,04/02/2019,Corner Salon,888 Southampton Rd,Benicia,CA,94510,1907,B+,1 to 4,415142377,,,,,,(707) 746-7546,7231-06,Beauty Salons,"Less Than $500,000",7231-06,Beauty Salons,,
10/02/2018,04/02/2019,Cornerstone Financial Group,555 1st St,Benicia,CA,94510,3360,B,1 to 4,708083312,,,,,,(707) 297-6954,6282-03,Financial Advisory Services,"Less Than $500,000",6282-03,Financial Advisory Services,,
10/02/2018,04/02/2019,Courtyard Salon & Spa,114 W D St,Benicia,CA,94510,3102,B+,1 to 4,262266273,,,,,,(707) 745-6788,7231-06,Beauty Salons,"Less Than $500,000",7231-06,Beauty Salons,,
10/02/2018,04/02/2019,Crossfit 707,538 Stone Rd # A,Benicia,CA,94510,1174,B,1 to 4,431751113,,,,,,(707) 361-5679,7991-01,Health Clubs Studios & Gymnasiums,"Less Than $500,000",7991-01,Health Clubs Studios & Gymnasiums,,
10/02/2018,04/02/2019,Curtin's Quality Pool Svc,PO Box 1132,Benicia,CA,94510,4132,C+,1 to 4,858536949,Curtin,Mike,Male,Owner,,(707) 745-2116,1799-85,Swimming Pool Repair & Service,"Less Than $500,000",1799-85,Swimming Pool Repair & Service,,
10/02/2018,04/02/2019,Dalin Designs,218 W Tennys Dr,Benicia,CA,94510,2104,C,1 to 4,405921547,Hubbard,Linda,Female,Owner,,(707) 748-4440,8999-86,Artists Mixed Media Contemporary,"Less Than $500,000",8999-86,Artists Mixed Media Contemporary,,
10/02/2018,04/02/2019,Dan's Glass Inc,,Benicia,CA,94510,,B+,1 to 4,214080988,,,,,,(707) 746-7804,5231-10,Glass-Auto Plate & Window & Etc,"Less Than $500,000",5231-10,Glass-Auto Plate & Window & Etc,,
10/02/2018,04/02/2019,Delta Deli,6000 Egret Ct,Benicia,CA,94510,1255,B+,1 to 4,404001455,Kim,Ted,Male,Owner,(707) 747-0710,(707) 747-9031,5812-08,Restaurants,"Less Than $500,000",5812-08,Restaurants,,
10/02/2018,04/02/2019,Delta Landscaping,1246 Monte Vista Ct,Benicia,CA,94510,2435,B,1 to 4,371851270,,,,,,(707) 747-1235,0782-04,Landscape Contractors,"Less Than $500,000",0782-04,Landscape Contractors,,
10/02/2018,04/02/2019,Denttech USA,PO Box 473,Benicia,CA,94510,0473,B+,1 to 4,533250908,Dismuke,Robert,Male,Owner,,(707) 746-5755,7532-01,Automobile Body-Repairing & Painting,"Less Than $500,000",7532-01,Automobile Body-Repairing & Painting,,
10/02/2018,04/02/2019,Dependable Heating & Air Cond,,Benicia,CA,94510,,A,5 to 9,434891819,,,,,,(707) 400-0825,1711-17,Air Conditioning Contractors & Systems,$1-2.5 Million,1711-17,Air Conditioning Contractors & Systems,,
10/02/2018,04/02/2019,Dermesthetics,136 White Chapel Dr,Benicia,CA,94510,1627,B+,1 to 4,530424795,Madison,Stehanie,Female,Other,,(707) 746-5661,7231-06,Beauty Salons,"Less Than $500,000",7231-06,Beauty Salons,,
10/02/2018,04/02/2019,Designer Cuts,831 E 2nd St # 201,Benicia,CA,94510,3324,B+,1 to 4,412807490,,,,,,(707) 746-6025,7231-06,Beauty Salons,"Less Than $500,000",7231-06,Beauty Salons,,
10/02/2018,04/02/2019,Detail Shop,988 Adams St,Benicia,CA,94510,2943,C+,1 to 4,858544356,Santos,Mark,Male,Owner,,(707) 747-1409,7542-01,Car Washing & Polishing,"Less Than $500,000",7542-01,Car Washing & Polishing,,
10/02/2018,04/02/2019,Dianna's Bakery & Cafe,639 1st St,Benicia,CA,94510,3211,B,5 to 9,716623032,,,,,,(707) 297-6186,5812-08,Restaurants,"Less Than $500,000",5812-08,Restaurants,,
10/02/2018,04/02/2019,Dina Matteson-State Farm Ins,1440 E 2nd St # C,Benicia,CA,94510,2846,B+,1 to 4,434891861,Matteson,Dina,Female,,(707) 747-0100,(707) 747-1700,6411-12,Insurance,"Less Than $500,000",6411-12,Insurance,,
10/02/2018,04/02/2019,Dollar Tree,856 Southampton Rd,Benicia,CA,94510,1907,A,10 to 19,426829879,,,,,,(707) 751-1487,5331-01,Variety Stores,$1-2.5 Million,5331-01,Variety Stores,,
10/02/2018,04/02/2019,Double Rainbow,560 1st St # A105,Benicia,CA,94510,3579,A,10 to 19,961092087,,,,,,(707) 745-5000,5812-08,Restaurants,"Less Than $500,000",5812-08,Restaurants,,
10/02/2018,04/02/2019,Duracite Manufacturing Co,3890 Industrial Way,Benicia,CA,94510,1200,A+,50 to 99,448578385,Butler,John,Male,Principal,(707) 437-1439,(707) 437-1439,3281-01,Granite Products-Manufacturers,$2.5-5 Million,3281-01,Granite Products-Manufacturers,,
10/02/2018,04/02/2019,East Bay Tire Co,4961 Park Rd,Benicia,CA,94510,1190,A+,10 to 19,262270846,Larimer,Neil,Male,Site Manager,(707) 745-2261,(707) 747-5613,7534-01,Tire-Retreading & Repairing,$1-2.5 Million,7534-01,Tire-Retreading & Repairing,,
10/02/2018,04/02/2019,Easy-Jobs Electric,102 Carlisle Way,Benicia,CA,94510,1609,C+,1 to 4,412828421,Carr,Evan,Male,Owner,,(707) 980-2222,1731-01,Electric Contractors,"Less Than $500,000",1731-01,Electric Contractors,,
10/02/2018,04/02/2019,ECCO Engineering & Constr,728 Primrose Ln,Benicia,CA,94510,3817,A,20 to 49,466514932,Hose,Chris,Male,General Mgr,(707) 745-0611,(707) 745-9660,1731-01,Electric Contractors,$2.5-5 Million,1731-01,Electric Contractors,,
10/02/2018,04/02/2019,Edgewater Plumbing Of Benicia,6170 Egret Ct,Benicia,CA,94510,1269,C+,1 to 4,426980206,,,,,,(707) 747-9204,1711-05,Plumbing Contractors,"Less Than $500,000",1711-05,Plumbing Contractors,,
10/02/2018,04/02/2019,Edward Jones,555 1st St # 104,Benicia,CA,94510,3280,A,1 to 4,902068733,Schelble,Lisa,Female,Administrator,,(707) 745-8133,6282-03,Financial Advisory Services,"$500,000-1 Million",6282-03,Financial Advisory Services,,
10/02/2018,04/02/2019,Eiko Beauty Salon,508 Breck Ct,Benicia,CA,94510,1372,B,1 to 4,312431158,Yamashita,Eiko,Female,Owner,,(925) 689-7334,7231-06,Beauty Salons,"Less Than $500,000",7231-06,Beauty Salons,,
10/02/2018,04/02/2019,Elisabeth's Hair Design,601 1st St # 101,Benicia,CA,94510,3277,B,1 to 4,404001158,Gray,Elisabeth,Female,Owner,,(707) 745-1300,7231-06,Beauty Salons,"Less Than $500,000",7231-06,Beauty Salons,,
10/02/2018,04/02/2019,Elle Insurance Svc,2134 Columbus Pkwy,Benicia,CA,94510,5402,A,1 to 4,433124403,Schaeffer,Lori,Female,Manager,(707) 747-1915,(707) 747-1904,6411-12,Insurance,"$500,000-1 Million",6411-12,Insurance,,
10/02/2018,04/02/2019,Ensenada Restaurant,864 Southampton Rd,Benicia,CA,94510,1907,A,5 to 9,103993986,Gonzalez,David,Male,Owner,,(707) 745-5536,5812-08,Restaurants,"Less Than $500,000",5812-08,Restaurants,,
10/02/2018,04/02/2019,Estenson Electrical Ent Inc,5458 Gateway Plaza Dr,Benicia,CA,94510,2122,C+,1 to 4,427993292,,,,,,(707) 427-2886,1731-01,Electric Contractors,"Less Than $500,000",1731-01,Electric Contractors,,
10/02/2018,04/02/2019,Estenson Electrical Enterprise,175 W Seaview Dr,Benicia,CA,94510,2134,C+,1 to 4,253220495,,,,,,(707) 746-1048,1731-01,Electric Contractors,"Less Than $500,000",1731-01,Electric Contractors,,
10/02/2018,04/02/2019,Exclusive Tile,785 Oxford Way,Benicia,CA,94510,3801,U,1 to 4,722256346,,,,,,(707) 297-5168,1743-01,Tile-Ceramic-Contractors & Dealers,"Less Than $500,000",1743-01,Tile-Ceramic-Contractors & Dealers,,
10/02/2018,04/02/2019,F E S Insurance Co,1527 E 4th St,Benicia,CA,94510,2832,B,1 to 4,726959825,,,,,,(707) 742-4545,6411-12,Insurance,"Less Than $500,000",6411-12,Insurance,,
10/02/2018,04/02/2019,Family Dental Care,118 W K St,Benicia,CA,94510,3120,A+,1 to 4,735387768,Tosch,Ronald J,Male,,(707) 745-6019,(707) 745-2130,8021-01,Dentists,"$500,000-1 Million",8021-01,Dentists,,
10/02/2018,04/02/2019,Family Dental Health,1440 Military W # 102,Benicia,CA,94510,2446,A,5 to 9,262271372,Shulak,Wanda,Female,Manager,(707) 745-8965,(707) 745-2121,8021-04,Cosmetic Dentistry,"$500,000-1 Million",8021-04,Cosmetic Dentistry,,
10/02/2018,04/02/2019,Fantastic Sams,75 Solano Sq,Benicia,CA,94510,2712,B+,1 to 4,618466999,Ardales,Ed,Male,Owner,,(707) 745-1028,7231-06,Beauty Salons,"Less Than $500,000",7231-06,Beauty Salons,,
10/02/2018,04/02/2019,Farmers Insurance,1021 1st St # 1,Benicia,CA,94510,3215,B+,1 to 4,425430997,Thompson,Samuel,Male,Owner,,(707) 751-3800,6411-12,Insurance,"Less Than $500,000",6411-12,Insurance,,
10/02/2018,04/02/2019,Farmers Insurance,159 E D St,Benicia,CA,94510,3294,A,1 to 4,417419439,Williams,Joshua,Male,Manager,(707) 747-6814,(707) 746-7395,6411-12,Insurance,"Less Than $500,000",6411-12,Insurance,,
10/02/2018,04/02/2019,Farmers Insurance,2044 Columbus Pkwy,Benicia,CA,94510,5400,B+,1 to 4,242002665,Allen,Julia,Female,Owner,(707) 745-3366,(707) 745-3355,6411-12,Insurance,"Less Than $500,000",6411-12,Insurance,,
10/02/2018,04/02/2019,Farmers Insurance,271 E H St,Benicia,CA,94510,3345,A,1 to 4,403814465,Trussell,Terry,Male,Owner,(707) 746-1273,(707) 746-1319,6411-12,Insurance,"Less Than $500,000",6411-12,Insurance,,
10/02/2018,04/02/2019,Farmers Insurance,425 Military E # A,Benicia,CA,94510,2864,A,1 to 4,649753340,Inanlou,Pouria,Male,Partner,(925) 478-2996,(925) 465-6266,6411-12,Insurance,"$500,000-1 Million",6411-12,Insurance,,
10/02/2018,04/02/2019,Farmers Insurance-Curtis Reed,1021 1st St # 1,Benicia,CA,94510,3215,B+,1 to 4,716870592,Reed,Curtis,Male,,(866) 422-4481,(707) 361-4097,6411-12,Insurance,"Less Than $500,000",6411-12,Insurance,,
10/02/2018,04/02/2019,Farmers Insurance-Pouria Innl,555 1st St # 305,Benicia,CA,94510,3280,B,1 to 4,403933533,Inanlou,Pouria,Male,,(925) 478-2996,(925) 465-6266,6331-01,Insurance-Property & Casualty,$2.5-5 Million,6331-01,Insurance-Property & Casualty,,
10/02/2018,04/02/2019,Featherer Pet Inc,PO Box 341,Benicia,CA,94510,0341,B,1 to 4,303864516,Featherer,Delores,Female,Owner,,(707) 745-5016,0752-04,Pet Washing & Grooming,"Less Than $500,000",0752-04,Pet Washing & Grooming,,
10/02/2018,04/02/2019,First Class Home Inspections,PO Box 1392,Benicia,CA,94510,4392,B,1 to 4,684641954,Garcia,Robert,Male,Owner,,(707) 299-6843,6531-22,Real Estate Inspection,"Less Than $500,000",6531-22,Real Estate Inspection,,
10/02/2018,04/02/2019,First Impressions Benicia,832 1st St,Benicia,CA,94510,3216,A+,20 to 49,982563249,Stevens,Kathy,Female,Owner,,(707) 747-6910,7231-06,Beauty Salons,"$500,000-1 Million",7231-06,Beauty Salons,,
10/02/2018,04/02/2019,First Street Cafe,440 1st St,Benicia,CA,94510,3208,A+,20 to 49,448483024,Krull,Mark R,Male,Owner,(707) 745-1485,(707) 745-2666,5812-08,Restaurants,$1-2.5 Million,5812-08,Restaurants,,
10/02/2018,04/02/2019,Fisher Lifecycle Svc,531 Getty Ct # D,Benicia,CA,94510,1180,B,10 to 19,712653031,Compartore,Nick,Male,Manager,,(707) 745-4664,1731-01,Electric Contractors,$1-2.5 Million,1731-01,Electric Contractors,,
10/02/2018,04/02/2019,Fitness Superstore Inc,537 Stone Rd # F,Benicia,CA,94510,1171,C+,1 to 4,433414280,,,,,,(925) 215-2927,5941-13,Sporting Goods-Retail,"Less Than $500,000",5941-13,Sporting Goods-Retail,,
10/02/2018,04/02/2019,Floor Coverings Direct,930 Bolton Cir,Benicia,CA,94510,3620,A,5 to 9,961088804,Quan,Regina,Female,Owner,,(707) 747-5854,5713-05,Carpet & Rug Dealers-New,$1-2.5 Million,5713-05,Carpet & Rug Dealers-New,,
10/02/2018,04/02/2019,Floors On First,840 1st St,Benicia,CA,94510,3216,C+,1 to 4,960097822,Stevens,Marilyn,Female,Owner,,(707) 747-5999,1752-03,Floor Laying Refinishing & Resurfacing,"Less Than $500,000",1752-03,Floor Laying Refinishing & Resurfacing,,
10/02/2018,04/02/2019,Forever Sala Thai,718 1st St,Benicia,CA,94510,3214,B+,5 to 9,700744466,,,,,,(707) 745-1818,5812-08,Restaurants,"Less Than $500,000",5812-08,Restaurants,,
10/02/2018,04/02/2019,Freedom Mortgage Corp,1021 1st St,Benicia,CA,94510,3215,B+,1 to 4,705449054,,,,,,(707) 745-5510,6162-01,Real Estate Loans,$1-2.5 Million,6162-01,Real Estate Loans,,
10/02/2018,04/02/2019,From The Core Fitness,560 1st St # D200,Benicia,CA,94510,3581,C+,1 to 4,262270861,Hevener,Nancy,Female,Owner,,(707) 373-9245,7991-01,Health Clubs Studios & Gymnasiums,"Less Than $500,000",7991-01,Health Clubs Studios & Gymnasiums,,
10/02/2018,04/02/2019,Full Coverage Motorsports,5380 Gateway Plaza Dr,Benicia,CA,94510,2123,B+,1 to 4,394857593,Baker,John,Male,President,(707) 745-3168,(707) 745-3158,7538-01,Automobile Repairing & Service,"Less Than $500,000",7538-01,Automobile Repairing & Service,,
10/02/2018,04/02/2019,G & C Auto Body Inc,980 Adams St,Benicia,CA,94510,2943,C+,1 to 4,735604326,,,,,,(707) 745-3585,7532-01,Automobile Body-Repairing & Painting,"$500,000-1 Million",7532-01,Automobile Body-Repairing & Painting,,
10/02/2018,04/02/2019,"Gabrielson, Martin R",189 E H St,Benicia,CA,94510,3230,A,1 to 4,465084077,Gabrielson,Martin R,Male,,,(707) 745-8200,8111-03,Attorneys,"Less Than $500,000",8111-03,Attorneys,,
10/02/2018,04/02/2019,Gaia Nails,834 Southampton Rd,Benicia,CA,94510,1907,C+,5 to 9,736261251,Lai,Thao,Female,Owner,,(707) 361-5261,7231-01,Skin Treatments,"Less Than $500,000",7231-01,Skin Treatments,,
10/02/2018,04/02/2019,Garden Heights Landscaping,941 Grant St,Benicia,CA,94510,2956,B,1 to 4,259164333,Glaser,Mitch,Male,Owner,,(707) 246-6696,0782-04,Landscape Contractors,"Less Than $500,000",0782-04,Landscape Contractors,,
10/02/2018,04/02/2019,Gavin & Schreiner Insurance,828 1st St # A,Benicia,CA,94510,3297,A+,1 to 4,404000184,Gavin,Tom,Male,Partner,(707) 745-5903,(707) 745-5626,6411-12,Insurance,"Less Than $500,000",6411-12,Insurance,,
10/02/2018,04/02/2019,Gaynel Kew E A Tax & Fncl Svc,1090 Adams St # B,Benicia,CA,94510,2953,B,1 to 4,657655825,Kew,Gaynell,Female,Owner,(707) 747-5629,(707) 745-8101,7291-01,Tax Return Preparation & Filing,"Less Than $500,000",7291-01,Tax Return Preparation & Filing,,
10/02/2018,04/02/2019,Geoff's Computer Svc,,Benicia,CA,94510,,C+,1 to 4,416094604,,,,,,(707) 742-3952,7378-01,Computers-Service & Repair,"Less Than $500,000",7378-01,Computers-Service & Repair,,
10/02/2018,04/02/2019,Geoff's Computer Svc,88 Buena Vista,Benicia,CA,94510,2653,C,1 to 4,674104211,Vanpelt,Geoff,Male,Owner,,(707) 246-3889,7378-01,Computers-Service & Repair,"Less Than $500,000",7378-01,Computers-Service & Repair,,
10/02/2018,04/02/2019,GHX Industrial LLC,2970 Bay Vista Ct,Benicia,CA,94510,1165,A+,10 to 19,438974884,,,,,,(714) 747-5651,5085-15,Gaskets (Whls),$10-20 Million,5085-15,Gaskets (Whls),,
10/02/2018,04/02/2019,GMA Construction,,Benicia,CA,94510,,C+,1 to 4,562661694,,,,,,(707) 748-0711,1521-39,Remodeling & Repairing Bldg Contractors,"$500,000-1 Million",1521-39,Remodeling & Repairing Bldg Contractors,,
10/02/2018,04/02/2019,Go Handyman Svc,836 B Southampton Rd 14 #94510,Benicia,CA,94510,,U,1 to 4,735123733,,,,,,(707) 975-7172,1521-15,Handyman Services,"Less Than $500,000",1521-15,Handyman Services,,
10/02/2018,04/02/2019,Golden Gate Gardens,3170 Mallard Dr,Benicia,CA,94510,,B+,1 to 4,625823349,Degbie,Brett,Male,President,,(707) 246-2983,0782-04,Landscape Contractors,"Less Than $500,000",0782-04,Landscape Contractors,,
10/02/2018,04/02/2019,Golden Reef,555 1st St # 103,Benicia,CA,94510,3280,B,1 to 4,423733163,,,,,,(707) 750-5764,7299-44,Tanning Salons,"Less Than $500,000",7299-44,Tanning Salons,,
10/02/2018,04/02/2019,Golden West Motors,4592 E 2nd St,Benicia,CA,94510,1045,C,1 to 4,710596449,,,,,,(707) 342-5075,5511-03,Automobile Dealers-Used Cars,$1-2.5 Million,5511-03,Automobile Dealers-Used Cars,,
10/02/2018,04/02/2019,Good Nails,2072 Columbus Pkwy,Benicia,CA,94510,5400,C+,1 to 4,401700387,Nguyen,Andrew,Male,Owner,,(707) 745-0968,7231-02,Manicuring,"Less Than $500,000",7231-02,Manicuring,,
10/02/2018,04/02/2019,Goodyear Tire Ctr,4601 Park Rd,Benicia,CA,94510,1118,A,5 to 9,425542340,Buck,Dave,Male,Administrator,,(707) 745-3249,5531-23,Tire-Dealers-Retail,$1-2.5 Million,5531-23,Tire-Dealers-Retail,,
10/02/2018,04/02/2019,Got Plate Lunch,1034 1st St,Benicia,CA,94510,3220,B+,5 to 9,433270706,,,,,,(707) 745-4751,5812-08,Restaurants,"Less Than $500,000",5812-08,Restaurants,,
10/02/2018,04/02/2019,Grand China,718 1st St,Benicia,CA,94510,3214,A,5 to 9,588796318,Chou,Amy,Female,Owner,,(707) 745-5359,5812-08,Restaurants,"Less Than $500,000",5812-08,Restaurants,,
10/02/2018,04/02/2019,Griffin Fitness,2038 Columbus Pkwy,Benicia,CA,94510,5400,B+,5 to 9,203103882,Mcveigh,Lisa,Female,Manager,,(707) 747-6677,7991-01,Health Clubs Studios & Gymnasiums,"Less Than $500,000",7991-01,Health Clubs Studios & Gymnasiums,,
10/02/2018,04/02/2019,Grossman Financial Management,560 1st St # B203,Benicia,CA,94510,3293,B,1 to 4,993278456,Grossman,Lawrence,Male,Owner,,(707) 745-8756,6282-05,Financial Planning Consultants,"$500,000-1 Million",6282-05,Financial Planning Consultants,,
10/02/2018,04/02/2019,Hands-Down,1100 E 7th St,Benicia,CA,94510,3586,C+,1 to 4,394860647,Fallon,Debbie,Female,Owner,,(707) 751-0300,7231-06,Beauty Salons,"Less Than $500,000",7231-06,Beauty Salons,,
10/02/2018,04/02/2019,Harbor Dental,202 Military E,Benicia,CA,94510,2809,A,1 to 4,239977630,Swoboda,Scott,Male,,(707) 746-1211,(707) 746-1234,8021-01,Dentists,"$500,000-1 Million",8021-01,Dentists,,
10/02/2018,04/02/2019,Hire My Husband Home Repair,497 Mills Dr,Benicia,CA,94510,1429,B,5 to 9,720209121,Urban,Dawson,Male,Owner,,(707) 746-7958,1521-05,Home Improvements,$1-2.5 Million,1521-05,Home Improvements,,
10/02/2018,04/02/2019,Hobson Painting & Coatings,PO Box 834,Benicia,CA,94510,0834,B,1 to 4,506820042,Hobson,Brian,Male,Owner,(707) 747-3740,(707) 747-0427,3479-04,Coatings-Protective-Manufacturers,"Less Than $500,000",3479-04,Coatings-Protective-Manufacturers,,
10/02/2018,04/02/2019,Home Town Tire & Automotive,4680 E 2nd St,Benicia,CA,94510,1050,C+,1 to 4,715840751,,,,,,(707) 297-6865,7538-01,Automobile Repairing & Service,"Less Than $500,000",7538-01,Automobile Repairing & Service,,
10/02/2018,04/02/2019,House Wizard,,Benicia,CA,94510,,C,1 to 4,214081697,,,,,,(707) 747-5713,1521-15,Handyman Services,"Less Than $500,000",1521-15,Handyman Services,,
10/02/2018,04/02/2019,Huckleberry's,800 Southampton Rd,Benicia,CA,94510,1907,A,10 to 19,433596411,Lundin,Jeff,Male,Site Manager,,(707) 745-3739,5812-08,Restaurants,$1-2.5 Million,5812-08,Restaurants,,
10/02/2018,04/02/2019,Inanlou Agency,555 1st St # 305,Benicia,CA,94510,3280,B+,1 to 4,427954316,,,,,,(707) 297-6528,6411-12,Insurance,"Less Than $500,000",6411-12,Insurance,,
10/02/2018,04/02/2019,Innovel,521 Stone Rd,Benicia,CA,94510,1113,B+,20 to 49,400203190,Shaw,Dixie,Female,Manager,,(707) 748-1940,8742-66,Logistics,$1-2.5 Million,8742-66,Logistics,,
10/02/2018,04/02/2019,Insight Glass Inc,393 E Channel Rd # A,Benicia,CA,94510,1157,A,10 to 19,487442261,Baker,Tom,Male,Owner,(707) 746-6287,(707) 746-6571,1793-04,Windows-Repairing,$1-2.5 Million,1793-04,Windows-Repairing,,
10/02/2018,04/02/2019,J & G Svc Inc,1350 Hayes St # B8,Benicia,CA,94510,2933,B+,5 to 9,404800237,Valente,Jeff,Male,Owner,(707) 746-0510,(707) 746-1822,1799-21,Swimming Pool Contrs Dealers & Designers,$1-2.5 Million,1799-21,Swimming Pool Contrs Dealers & Designers,,
10/02/2018,04/02/2019,Jack In The Box,6001 Goodyear Rd,Benicia,CA,94510,1221,A+,20 to 49,530426378,Botello,Indie,Male,Manager,(707) 751-0371,(707) 751-0371,5812-08,Restaurants,$1-2.5 Million,5812-08,Restaurants,,
10/02/2018,04/02/2019,Jamba Juice,804 S Hampton,Benicia,CA,94510,,A,10 to 19,400682197,Mantz,Brian,Male,Site Manager,,(707) 748-1203,5812-48,Juice Bars,"$500,000-1 Million",5812-48,Juice Bars,,
10/02/2018,04/02/2019,Jason S Buckingham Law Offices,940 Adams St # S,Benicia,CA,94510,2950,A,1 to 4,618467104,Buckingham,Jason S,Male,Owner,,(707) 745-2200,8111-03,Attorneys,"Less Than $500,000",8111-03,Attorneys,,
10/02/2018,04/02/2019,Java Point Cafe,366 1st St,Benicia,CA,94510,3262,B+,1 to 4,403999907,Dris-Bautista,Marie,Female,Owner,,(707) 745-1449,5812-08,Restaurants,"Less Than $500,000",5812-08,Restaurants,,
10/02/2018,04/02/2019,Jazzercise,378 Military E,Benicia,CA,94510,2811,B,1 to 4,562659367,Rowley,Leslie,Female,Owner,,(707) 748-0827,7299-50,Jazzercise,"Less Than $500,000",7299-50,Jazzercise,,
10/02/2018,04/02/2019,Jazzercise,901 Military W,Benicia,CA,94510,2558,B,1 to 4,427224462,,,,,,(707) 746-0970,7299-50,Jazzercise,"Less Than $500,000",7299-50,Jazzercise,,
10/02/2018,04/02/2019,Jefferson Street Mansion,1063 Jefferson St,Benicia,CA,94510,2954,B,1 to 4,487442204,Robbins,Reed,Male,Owner,,(707) 746-0684,5812-34,Wedding & Reception Sites,"Less Than $500,000",5812-34,Wedding & Reception Sites,,
10/02/2018,04/02/2019,Jeffrey Wong Insurance Agency,638 1/2 1st St # C,Benicia,CA,94510,3082,B+,1 to 4,705690101,,,,,(707) 361-2469,(707) 634-7253,6411-12,Insurance,"Less Than $500,000",6411-12,Insurance,,
10/02/2018,04/02/2019,Jiffy Lube,2026 Columbus Pkwy,Benicia,CA,94510,5400,A+,10 to 19,506819721,Carranza,Joe,Male,Site Manager,(707) 751-1860,(707) 745-5073,7549-03,Automobile Lubrication Service,$1-2.5 Million,7549-03,Automobile Lubrication Service,,
10/02/2018,04/02/2019,Joe's Automotive Repair,4592 E 2nd St # E,Benicia,CA,94510,1000,B+,1 to 4,506819861,Hunt,Joe,Male,Owner,(707) 746-5505,(707) 746-5502,7538-01,Automobile Repairing & Service,"$500,000-1 Million",7538-01,Automobile Repairing & Service,,
10/02/2018,04/02/2019,John Laverty Construction,10 Wingfield Way,Benicia,CA,94510,2823,B,1 to 4,858536618,Laverty,John,Male,Owner,,(707) 745-1660,1542-13,Building Contractors,"$500,000-1 Million",1542-13,Building Contractors,,
10/02/2018,04/02/2019,"Joyce, Richard OD",874 Southampton Rd,Benicia,CA,94510,1907,A,1 to 4,421717026,Joyce,Richard,Male,,(707) 745-1838,(707) 745-6266,8042-01,Optometrists OD,"Less Than $500,000",8042-01,Optometrists OD,,
10/02/2018,04/02/2019,Jump Jump & Away,81 El Bonito Way,Benicia,CA,94510,2253,C,1 to 4,425128442,Wirbick,Salina,Female,Owner,,(707) 373-9432,7929-23,Moonwalks,"Less Than $500,000",7929-23,Moonwalks,,
10/02/2018,04/02/2019,Just Water Heaters,,Benicia,CA,94510,,A,10 to 19,952499713,,,,,,(707) 747-9249,5999-05,Water Heaters-Dealers,$1-2.5 Million,5999-05,Water Heaters-Dealers,,
10/02/2018,04/02/2019,Kaigan Sushi,560 1st St # A103,Benicia,CA,94510,3293,B,1 to 4,530428606,Li,Sharon,Female,Manager,,(707) 747-1084,5812-08,Restaurants,"Less Than $500,000",5812-08,Restaurants,,
10/02/2018,04/02/2019,Kaufman Chiropractic,1100 Rose Dr # 230,Benicia,CA,94510,3618,A,1 to 4,403759660,Kaufman,Greg,Male,Owner,,(707) 745-5566,8041-01,Chiropractors DC,"Less Than $500,000",8041-01,Chiropractors DC,,
10/02/2018,04/02/2019,Kemper Jack Painting,,Benicia,CA,94510,,B,1 to 4,952500528,Kemper,Carol,Female,Owner,,(707) 745-2087,1721-01,Painters,"Less Than $500,000",1721-01,Painters,,
10/02/2018,04/02/2019,Kendor Pool Svc,PO Box 2362,Benicia,CA,94510,5362,C+,1 to 4,952496719,Ewing,Dorothy,Female,Owner,,(707) 747-4753,8999-99,Services NEC,"Less Than $500,000",8999-99,Services NEC,,
10/02/2018,04/02/2019,Kimono Restaurant,1654 E 2nd St,Benicia,CA,94510,2841,B,5 to 9,708083311,,,,,,(707) 750-5418,5812-08,Restaurants,"Less Than $500,000",5812-08,Restaurants,,
10/02/2018,04/02/2019,Kinder's Custom Meats & Deli,333 1st St # A,Benicia,CA,94510,3258,A+,20 to 49,229590492,Hodgkinson,Jeff,Male,Owner,(707) 745-4557,(707) 745-4453,5812-08,Restaurants,$1-2.5 Million,5812-08,Restaurants,,
10/02/2018,04/02/2019,KIRK & Assoc,940 Adams St # C,Benicia,CA,94510,2950,B+,1 to 4,438841451,Kirk,Phillip A,Male,,,(707) 745-5061,6411-12,Insurance,"Less Than $500,000",6411-12,Insurance,,
10/02/2018,04/02/2019,Klchanges Hair Studio,631 1st St,Benicia,CA,94510,3211,A,5 to 9,466514163,Harris,Natash,Female,Owner,,(707) 747-1083,7231-06,Beauty Salons,"Less Than $500,000",7231-06,Beauty Salons,,
10/02/2018,04/02/2019,Kumon Math & Reading Ctr,2000 Columbus Pkwy,Benicia,CA,94510,5400,B+,1 to 4,902071489,Smith,Sharon,Female,Owner,,(707) 747-6284,8299-09,Tutoring,,8299-09,Tutoring,,
10/02/2018,04/02/2019,Kumon Math & Reading Ctr,701 Southampton Rd # 103104,Benicia,CA,94510,2055,B+,5 to 9,422710443,Smith,Sharon,Female,Owner,,(707) 747-6284,8299-09,Tutoring,,8299-09,Tutoring,,
10/02/2018,04/02/2019,Kurt Riseling Construction,501 Winston Ct,Benicia,CA,94510,1328,C+,1 to 4,214467441,Riseling,Kurt,Male,Owner,,(925) 825-2802,1521-44,Construction Companies,"$500,000-1 Million",1521-44,Construction Companies,,
10/02/2018,04/02/2019,Lanita Nelson,849 1st St,Benicia,CA,94510,3257,B+,1 to 4,416094707,,,,,,(707) 297-6148,7231-06,Beauty Salons,"Less Than $500,000",7231-06,Beauty Salons,,
10/02/2018,04/02/2019,Lanita Nelson-Manicurist,849 1st St,Benicia,CA,94510,3257,B,1 to 4,980818264,Nelson,Lanita,Female,Owner,,(707) 745-0609,7231-06,Beauty Salons,"Less Than $500,000",7231-06,Beauty Salons,,
10/02/2018,04/02/2019,Last Chance Garage,4728 E 2nd St,Benicia,CA,94510,1052,C+,1 to 4,721931043,,,,,,(707) 297-6435,7538-01,Automobile Repairing & Service,"Less Than $500,000",7538-01,Automobile Repairing & Service,,
10/02/2018,04/02/2019,Lavon St John-State Farm Ins,1125 E 5th St # B,Benicia,CA,94510,3413,B+,1 to 4,711374430,St John,Lavon,Female,,(707) 745-2252,(707) 745-2256,6411-12,Insurance,"Less Than $500,000",6411-12,Insurance,,
10/02/2018,04/02/2019,Le Reve Design & Assoc,946 Tyler St # E,Benicia,CA,94510,2949,C+,1 to 4,423759335,Cramer,Hannah,Female,Owner,,(707) 747-4762,7389-02,Interior Decorators Design & Consultants,"Less Than $500,000",7389-02,Interior Decorators Design & Consultants,,
10/02/2018,04/02/2019,Le's Beauty Salon,845 1st St,Benicia,CA,94510,3257,C+,1 to 4,643304447,Truong,Le,Female,Owner,,(707) 746-5888,7231-06,Beauty Salons,"Less Than $500,000",7231-06,Beauty Salons,,
10/02/2018,04/02/2019,Lifequest Insurance Svc,,Benicia,CA,94510,,A,1 to 4,262268931,,,,,,(707) 748-4330,6411-12,Insurance,"Less Than $500,000",6411-12,Insurance,,
10/02/2018,04/02/2019,Little Faces Quality Child,845 Oxford Way,Benicia,CA,94510,3670,C+,1 to 4,239976772,Mc Larty,A,Female,Owner,,(707) 745-3280,8351-01,Child Care Service,"Less Than $500,000",8351-01,Child Care Service,,
10/02/2018,04/02/2019,Lobdell Investments & Wealth,831 E 2nd St # 202,Benicia,CA,94510,3324,C+,1 to 4,672128402,Lobdell,Mark,Male,Owner,,(707) 745-3939,6282-05,Financial Planning Consultants,"Less Than $500,000",6282-05,Financial Planning Consultants,,
10/02/2018,04/02/2019,Loft Wine Bar,280 1st St,Benicia,CA,94510,3504,B+,5 to 9,423590407,Diavatis,Jason,Male,Owner,,(707) 745-4200,5812-08,Restaurants,"Less Than $500,000",5812-08,Restaurants,,
10/02/2018,04/02/2019,Lucca Bar & Grill,439 1st St,Benicia,CA,94510,3207,A+,20 to 49,858536808,Battersby,Sonya,Female,General Mgr,,(707) 745-3749,5812-08,Restaurants,$1-2.5 Million,5812-08,Restaurants,,
10/02/2018,04/02/2019,Luxe Hair Design,360 1st St,Benicia,CA,94510,3262,B+,5 to 9,257083709,Griffin,Shelley,Female,Owner,,(707) 745-4400,7231-06,Beauty Salons,"Less Than $500,000",7231-06,Beauty Salons,,
10/02/2018,04/02/2019,Madden Door & Sons,,Benicia,CA,94510,,B,1 to 4,262266885,,,,,,(707) 747-1606,5211-01,Doors-Garage,"$500,000-1 Million",5211-01,Doors-Garage,,
10/02/2018,04/02/2019,Mai Thai Cuisine,807 1st St,Benicia,CA,94510,3263,B+,5 to 9,403759890,,,,,,(707) 747-1868,5812-08,Restaurants,"Less Than $500,000",5812-08,Restaurants,,
10/02/2018,04/02/2019,Matsuri Japanese Restaurant,920 1st St # 102,Benicia,CA,94510,5505,A,5 to 9,588796581,Chung,Mia,Female,President,,(707) 747-1585,5812-08,Restaurants,"Less Than $500,000",5812-08,Restaurants,,
10/02/2018,04/02/2019,Mc Donald's,1602 E 2nd St,Benicia,CA,94510,2841,A+,20 to 49,417415528,Yin,C,Male,Owner,(707) 451-0131,(707) 745-6340,5812-08,Restaurants,$1-2.5 Million,5812-08,Restaurants,,
10/02/2018,04/02/2019,Mc Donald's,2110 Columbus Pkwy,Benicia,CA,94510,5402,A+,20 to 49,660047895,,,,,,(707) 746-6899,5812-08,Restaurants,$1-2.5 Million,5812-08,Restaurants,,
10/02/2018,04/02/2019,Mc2 Golf Pro Inc,960 Grant St # A,Benicia,CA,94510,2918,B,1 to 4,657655759,Mc Cammon,Cherie,Female,Owner,,(707) 745-6075,7999-99,Amusement & Recreation NEC,"Less Than $500,000",7999-99,Amusement & Recreation NEC,,
10/02/2018,04/02/2019,Mcveigh & Assoc CPA,2044 Columbus Pkwy,Benicia,CA,94510,5400,A+,1 to 4,422089847,Mc Veigh,James M,Male,Owner,(707) 746-0782,(707) 746-5604,8721-01,Accountants,"Less Than $500,000",8721-01,Accountants,,
10/02/2018,04/02/2019,Michelle's Day Spa For Beauty,2068 Columbus Pkwy,Benicia,CA,94510,5400,B+,1 to 4,394857148,,,,,,(707) 751-1423,7231-19,Spas-Beauty & Day,"Less Than $500,000",7231-19,Spas-Beauty & Day,,
10/02/2018,04/02/2019,Mickee's Pet Grooming,949 Grant St # C,Benicia,CA,94510,2938,A,1 to 4,540478757,Warner,Mary,Female,Owner,,(707) 751-1979,0752-10,Pet Services,"Less Than $500,000",0752-10,Pet Services,,
10/02/2018,04/02/2019,Mickees Pet Grooming,402 Military E,Benicia,CA,94510,2813,C+,1 to 4,423764774,Warner,Mickees,,Owner,,(707) 751-1979,0752-04,Pet Washing & Grooming,"Less Than $500,000",0752-04,Pet Washing & Grooming,,
10/02/2018,04/02/2019,Mike Wittels,940 Tyler St # 4,Benicia,CA,94510,2964,C+,1 to 4,710624504,Wittels,Mike,Male,Manager,,(707) 746-5516,0783-01,Tree Service,"Less Than $500,000",0783-01,Tree Service,,
10/02/2018,04/02/2019,Milinda Perry Salon,117 E F St,Benicia,CA,94510,3226,C+,1 to 4,718710416,,,,,,(707) 361-5097,7231-06,Beauty Salons,"Less Than $500,000",7231-06,Beauty Salons,,
10/02/2018,04/02/2019,Mirchi Indian Grill,2032 Columbus Pkwy,Benicia,CA,94510,5400,B,5 to 9,721031165,Singh,Harjee,Male,Owner,,(707) 297-6328,5812-08,Restaurants,"Less Than $500,000",5812-08,Restaurants,,
10/02/2018,04/02/2019,Modern Woodmen Of America,1060 Grant St,Benicia,CA,94510,2940,B+,1 to 4,402168610,,,,,,(707) 745-8550,6282-03,Financial Advisory Services,"Less Than $500,000",6282-03,Financial Advisory Services,,
10/02/2018,04/02/2019,Morgan's Outdoor Living,6016 Rockville Rd # B,Benicia,CA,94510,,C,1 to 4,439752229,,,,,,(707) 361-4238,1521-01,Patio & Deck Builders,"$500,000-1 Million",1521-01,Patio & Deck Builders,,
10/02/2018,04/02/2019,Mountain Mike's Pizza,2130 Columbus Pkwy,Benicia,CA,94510,5402,A,10 to 19,689530897,Vaxley,Frank,Male,Site Manager,,(707) 746-7522,5812-22,Pizza,"$500,000-1 Million",5812-22,Pizza,,
10/02/2018,04/02/2019,Movement Chiropractic,242 1st St,Benicia,CA,94510,3504,B,1 to 4,724963771,,,,,,(707) 297-6479,8041-01,Chiropractors DC,"Less Than $500,000",8041-01,Chiropractors DC,,
10/02/2018,04/02/2019,Mr Lawn Garden Svc,473 Mills Dr,Benicia,CA,94510,1429,B,1 to 4,933505745,Gomez,Antino,Male,Owner,,(707) 747-5273,0782-06,Lawn & Grounds Maintenance,"Less Than $500,000",0782-06,Lawn & Grounds Maintenance,,
10/02/2018,04/02/2019,Mr Lawn Landscaping,PO Box 704,Benicia,CA,94510,0704,B,1 to 4,706581347,,,,,,(707) 333-0146,0782-04,Landscape Contractors,"Less Than $500,000",0782-04,Landscape Contractors,,
10/02/2018,04/02/2019,Myles Davis Electric,,Benicia,CA,94510,,C,1 to 4,439752140,,,,,,(707) 748-0662,1731-01,Electric Contractors,"Less Than $500,000",1731-01,Electric Contractors,,
10/02/2018,04/02/2019,N W P Heating & Air,4740 E 2nd St # 26,Benicia,CA,94510,1024,B+,5 to 9,689529840,Valderrama,Cesar,Male,Owner,,(707) 746-7737,1711-17,Air Conditioning Contractors & Systems,$1-2.5 Million,1711-17,Air Conditioning Contractors & Systems,,
10/02/2018,04/02/2019,Napoli Pizza & Pasta,2060 Columbus Pkwy,Benicia,CA,94510,5400,A,5 to 9,980818538,Guerrera,Chris,Male,Owner,,(707) 746-8906,5812-22,Pizza,"Less Than $500,000",5812-22,Pizza,,
10/02/2018,04/02/2019,Narcissus,920 1st St # 201,Benicia,CA,94510,5505,B+,1 to 4,858537285,Chapel,Virginia,Female,Owner,,(707) 745-2641,7231-06,Beauty Salons,"Less Than $500,000",7231-06,Beauty Salons,,
10/02/2018,04/02/2019,Nation's Giant Hamburgers,191 Military E # 1,Benicia,CA,94510,2744,A+,10 to 19,487441560,DE LA Cuadra,Cora,Female,Site Manager,(707) 747-6629,(707) 747-0888,5812-08,Restaurants,"$500,000-1 Million",5812-08,Restaurants,,
10/02/2018,04/02/2019,National Tire Warehouse,4280 Iowa St # A,Benicia,CA,94510,1154,A+,20 to 49,448483982,Brandt,Tim,Male,Manager,,(707) 552-6666,5014-01,Tire-Distributors (Whls),$20-50 Million,5014-01,Tire-Distributors (Whls),,
10/02/2018,04/02/2019,New Image Landscape Co Inc,571 Hastings Dr,Benicia,CA,94510,1304,B+,1 to 4,712406125,Culbertson,David,Male,Regional Mgr,,(510) 226-9191,0782-04,Landscape Contractors,"Less Than $500,000",0782-04,Landscape Contractors,,
10/02/2018,04/02/2019,North Bay Pediatrics,1075 1st St,Benicia,CA,94510,3200,A+,20 to 49,858537210,Jadowski,Amy,Female,Office Manager,(707) 745-8269,(707) 745-2574,8011-01,Physicians & Surgeons,$5-10 Million,8011-01,Physicians & Surgeons,,
10/02/2018,04/02/2019,North Bay Water Svc Inc,6180 Egret Ct # A,Benicia,CA,94510,1239,A,10 to 19,946670239,Adams,Rick,Male,Owner,(707) 745-5969,(707) 745-8823,1799-85,Swimming Pool Repair & Service,$2.5-5 Million,1799-85,Swimming Pool Repair & Service,,
10/02/2018,04/02/2019,North Capital,602 W K St,Benicia,CA,94510,3032,C+,1 to 4,706071702,,,,,,(707) 361-5056,6282-05,Financial Planning Consultants,"$500,000-1 Million",6282-05,Financial Planning Consultants,,
10/02/2018,04/02/2019,Old Capitol Locksmith,PO Box 1396,Benicia,CA,94510,4396,C+,1 to 4,858538812,Pernz,Dilt,Male,Owner,,(707) 745-5244,7699-62,Locks & Locksmiths,"Less Than $500,000",7699-62,Locks & Locksmiths,,
10/02/2018,04/02/2019,Ondeamo Investments Inc,340 W Channel Rd,Benicia,CA,94510,1160,B,1 to 4,530424969,Stauffer,David,Male,President,,(707) 746-5311,5511-03,Automobile Dealers-Used Cars,$1-2.5 Million,5511-03,Automobile Dealers-Used Cars,,
10/02/2018,04/02/2019,One Whirld Inc,804 Southampton Rd,Benicia,CA,94510,1907,B+,10 to 19,706920929,Mantz,Brian,Male,Manager,,(707) 748-1203,5812-08,Restaurants,"$500,000-1 Million",5812-08,Restaurants,,
10/02/2018,04/02/2019,Onsite Computing,544 Solano Dr,Benicia,CA,94510,3712,C+,1 to 4,931108781,,,,,,(707) 746-1929,7378-01,Computers-Service & Repair,"Less Than $500,000",7378-01,Computers-Service & Repair,,
10/02/2018,04/02/2019,Ouveira Law Firm,701 Southampton Rd # 204,Benicia,CA,94510,2075,B+,1 to 4,266746106,Oliveira,Duane S,Male,Owner,,(707) 751-1426,8111-03,Attorneys,"Less Than $500,000",8111-03,Attorneys,,
10/02/2018,04/02/2019,Overhead Door Co Of Benicia,428 York Dr,Benicia,CA,94510,1425,B+,1 to 4,952494375,Depriest,Ray,Male,President,,(707) 746-1588,5211-01,Doors-Garage,"$500,000-1 Million",5211-01,Doors-Garage,,
10/02/2018,04/02/2019,P S Hair Studio,638 1st St,Benicia,CA,94510,3212,B,1 to 4,401852750,Schwartz,Paula,Female,Owner,,(707) 745-1055,7231-06,Beauty Salons,"Less Than $500,000",7231-06,Beauty Salons,,
10/02/2018,04/02/2019,Pacifica Pizza,915 1st St,Benicia,CA,94510,3217,A+,20 to 49,301354478,Cromer,Jeff,Male,Owner,(707) 746-1919,(707) 746-1790,5812-22,Pizza,$1-2.5 Million,5812-22,Pizza,,
10/02/2018,04/02/2019,Palermos,2050 Columbus Pkwy,Benicia,CA,94510,5400,A,5 to 9,588796722,Guillermo,Cortez,Male,Owner,,(707) 748-1011,5812-08,Restaurants,"Less Than $500,000",5812-08,Restaurants,,
10/02/2018,04/02/2019,Palmer Electric,886 Hanlon Way,Benicia,CA,94510,3653,C+,1 to 4,316054964,Palmer,Lyndon,Male,Owner,,(707) 745-8365,1731-01,Electric Contractors,"Less Than $500,000",1731-01,Electric Contractors,,
10/02/2018,04/02/2019,Panda Express,804 Southampton Rd,Benicia,CA,94510,1907,A,10 to 19,700067586,,,,,,(707) 745-3763,5812-08,Restaurants,"$500,000-1 Million",5812-08,Restaurants,,
10/02/2018,04/02/2019,Papa Murphy's Take 'N' Bake,2012 Columbus Pkwy,Benicia,CA,94510,5400,B+,10 to 19,717919213,,,,,,(707) 746-7492,5812-22,Pizza,"$500,000-1 Million",5812-22,Pizza,,
10/02/2018,04/02/2019,Parviz Hypnotherapy-Hypnosis,940 Adams St # P,Benicia,CA,94510,2950,B,5 to 9,423759368,Shafaghi,Farzaneh,Female,Other,,(707) 655-7540,8099-09,Holistic Practitioners,"$500,000-1 Million",8099-09,Holistic Practitioners,,
10/02/2018,04/02/2019,Pasta Prima,3909 Park Rd # H,Benicia,CA,94510,1167,A,5 to 9,712449862,Topf,Michael,Male,CFO,,(530) 671-7200,5812-08,Restaurants,"Less Than $500,000",5812-08,Restaurants,,
10/02/2018,04/02/2019,Pearl Thai Cuisine,870 Southampton Rd,Benicia,CA,94510,1907,B+,5 to 9,666678487,Siriwat,Jaruwan,Male,Owner,,(707) 747-9777,5812-08,Restaurants,"Less Than $500,000",5812-08,Restaurants,,
10/02/2018,04/02/2019,Pedrotti Ace Hardware,830 Southampton Rd,Benicia,CA,94510,1907,A+,20 to 49,466514262,Pedrotti,Gene,Male,Owner,(707) 751-1999,(707) 745-6887,5251-04,Hardware-Retail,$2.5-5 Million,5251-04,Hardware-Retail,,
10/02/2018,04/02/2019,Perfect Ten,831 E 2nd St # 201,Benicia,CA,94510,3324,B,1 to 4,103990933,Hardy,Nannette,Female,Owner,,(707) 747-1103,7231-06,Beauty Salons,"Less Than $500,000",7231-06,Beauty Salons,,
10/02/2018,04/02/2019,Peterson Cat,4501 California Ct,Benicia,CA,94510,1021,A,5 to 9,588793745,Hulse,Mike,Male,Regional Mgr,(707) 746-6812,(707) 746-8243,6531-27,Rental Agencies,"$500,000-1 Million",6531-27,Rental Agencies,,
10/02/2018,04/02/2019,Pizza Pirate,72 Solano Sq,Benicia,CA,94510,2712,A+,20 to 49,858536626,Abshire,Patrick,Male,Owner,(707) 745-0871,(707) 745-1677,5812-22,Pizza,$1-2.5 Million,5812-22,Pizza,,
10/02/2018,04/02/2019,Playing To Learn Childcare,1305 W 2nd St,Benicia,CA,94510,2719,C+,1 to 4,436601056,,,,,,(707) 747-5881,8351-01,Child Care Service,"Less Than $500,000",8351-01,Child Care Service,,
10/02/2018,04/02/2019,Power Plus,401 W Channel Rd # C,Benicia,CA,94510,1150,A+,10 to 19,902066885,Silver,Chris,Male,Manager,(707) 746-4804,(707) 746-4800,1731-01,Electric Contractors,$1-2.5 Million,1731-01,Electric Contractors,,
10/02/2018,04/02/2019,Precision Nspec Home Inspector,77 Solano Sq Pmb 350,Benicia,CA,94510,2712,C+,1 to 4,960097830,Alexander,Paul,Male,Manager,,(707) 746-0486,6531-22,Real Estate Inspection,"Less Than $500,000",6531-22,Real Estate Inspection,,
10/02/2018,04/02/2019,Preferred Auto Sales,3820 Industrial Way,Benicia,CA,94510,1201,C,1 to 4,722283691,,,,,,(707) 361-5973,5511-03,Automobile Dealers-Used Cars,$1-2.5 Million,5511-03,Automobile Dealers-Used Cars,,
10/02/2018,04/02/2019,Premier Access Insurance,1350 Hayes St,Benicia,CA,94510,2945,A+,10 to 19,689531663,,,,,,(707) 745-5559,6411-12,Insurance,$1-2.5 Million,6411-12,Insurance,,
10/02/2018,04/02/2019,Premier Financial Assoc,110 E D St # J,Benicia,CA,94510,3252,B+,1 to 4,657656435,Lanaux,Sharisse,Female,Other,,(707) 748-1100,6282-03,Financial Advisory Services,"Less Than $500,000",6282-03,Financial Advisory Services,,
10/02/2018,04/02/2019,Protection & Prosperity,110 E D St,Benicia,CA,94510,3254,B+,1 to 4,689529568,,,,,,(707) 747-5455,6282-03,Financial Advisory Services,"Less Than $500,000",6282-03,Financial Advisory Services,,
10/02/2018,04/02/2019,Q 2 Green Arabia Corp,4820 E 2nd St,Benicia,CA,94510,1023,C,1 to 4,710465424,,,,,,(707) 747-5548,1711-05,Plumbing Contractors,"Less Than $500,000",1711-05,Plumbing Contractors,,
10/02/2018,04/02/2019,"Quiba, Mel C DDS",125 E N St,Benicia,CA,94510,2728,A+,1 to 4,980934228,Quiba,Mel C,Male,,(707) 745-0667,(707) 745-0636,8021-01,Dentists,"$500,000-1 Million",8021-01,Dentists,,
10/02/2018,04/02/2019,R K Electric,PO Box 827,Benicia,CA,94510,0827,A,10 to 19,858542129,Knarr,Ron,Male,Owner,(707) 746-5815,(707) 746-5536,1731-01,Electric Contractors,$1-2.5 Million,1731-01,Electric Contractors,,
10/02/2018,04/02/2019,R K Salmon General Contractor,PO Box 893,Benicia,CA,94510,0893,C,1 to 4,858538929,Salmon,R K,Male,Owner,,(707) 745-5550,1521-39,Remodeling & Repairing Bldg Contractors,"Less Than $500,000",1521-39,Remodeling & Repairing Bldg Contractors,,
10/02/2018,04/02/2019,R M Credit Counseling Mortgage,175 E D St,Benicia,CA,94510,3222,A,1 to 4,417405826,Mahaney,Rita,Female,Owner,,(707) 747-3400,6162-01,Real Estate Loans,"$500,000-1 Million",6162-01,Real Estate Loans,,
10/02/2018,04/02/2019,Ra Storelee Insurance,321 1st St # 201,Benicia,CA,94510,3268,A+,5 to 9,858537640,Storley,Rob,Male,Owner,(707) 745-3709,(707) 745-3709,6411-12,Insurance,"$500,000-1 Million",6411-12,Insurance,,
10/02/2018,04/02/2019,Rainbow Connection Day Care,126 Gill Way,Benicia,CA,94510,1612,B,1 to 4,233143023,Zandie,Ann J,Female,Owner,,(707) 745-6909,8351-01,Child Care Service,"Less Than $500,000",8351-01,Child Care Service,,
10/02/2018,04/02/2019,Randall C Lum Inc,815 1st St,Benicia,CA,94510,3241,A+,1 to 4,465084358,Lum,Randall C,Male,,(707) 745-2590,(707) 745-2526,8021-01,Dentists,"$500,000-1 Million",8021-01,Dentists,,
10/02/2018,04/02/2019,Randy's Bar & Grill,727 1st St,Benicia,CA,94510,3213,A+,20 to 49,562661850,Ornelas,Adriana,Female,Owner,(707) 751-1690,(707) 751-1705,5812-08,Restaurants,$1-2.5 Million,5812-08,Restaurants,,
10/02/2018,04/02/2019,RCI Concrete Construction,,Benicia,CA,94510,,B+,5 to 9,973971591,,,,,,(707) 746-6465,1771-05,Concrete Contractors,"$500,000-1 Million",1771-05,Concrete Contractors,,
10/02/2018,04/02/2019,Real Painting,,Benicia,CA,94510,,B,1 to 4,402168690,,,,,,(707) 745-2653,1721-01,Painters,"Less Than $500,000",1721-01,Painters,,
10/02/2018,04/02/2019,Red Auto Sales,1350 Hayes St,Benicia,CA,94510,2945,C,1 to 4,435220599,,,,,,(707) 742-4339,5511-03,Automobile Dealers-Used Cars,$1-2.5 Million,5511-03,Automobile Dealers-Used Cars,,
10/02/2018,04/02/2019,Reed's Body & Fender Works Inc,479 E L St,Benicia,CA,94510,3401,A,5 to 9,301354510,Reed,Mike,Male,Owner,(707) 745-5243,(707) 745-0454,7532-01,Automobile Body-Repairing & Painting,"$500,000-1 Million",7532-01,Automobile Body-Repairing & Painting,,
10/02/2018,04/02/2019,Remodel Plus,PO Box 974,Benicia,CA,94510,0974,C,1 to 4,715170959,Iniguez,Victor,Male,Other,,(925) 765-5315,1521-39,Remodeling & Repairing Bldg Contractors,"$500,000-1 Million",1521-39,Remodeling & Repairing Bldg Contractors,,
10/02/2018,04/02/2019,Rescom Properties,110 E D St # K,Benicia,CA,94510,3252,A,1 to 4,404604742,Blair,Linda,Female,Owner,,(707) 746-6500,6531-18,Real Estate,"Less Than $500,000",6531-18,Real Estate,,
10/02/2018,04/02/2019,Reverse Mortgage Group,,Benicia,CA,94510,,B,1 to 4,439752208,Miller-Bornema,Beth,Female,Manager,,(707) 205-4115,6162-01,Real Estate Loans,$1-2.5 Million,6162-01,Real Estate Loans,,
10/02/2018,04/02/2019,Reyes Electric Co,PO Box 621,Benicia,CA,94510,0621,B,1 to 4,466515780,,,,,,(707) 747-6818,1731-01,Electric Contractors,"Less Than $500,000",1731-01,Electric Contractors,,
10/02/2018,04/02/2019,Robert China Garden,136 Ardmore Way,Benicia,CA,94510,2023,A,5 to 9,858538853,Hung,Robert,Male,Owner,,(707) 745-8130,5812-08,Restaurants,"Less Than $500,000",5812-08,Restaurants,,
10/02/2018,04/02/2019,Robert Schroth Law Offices,177 Military E,Benicia,CA,94510,2701,A,1 to 4,423759104,Schroth,Robert,Male,Owner,,(707) 745-0130,8111-03,Attorneys,"Less Than $500,000",8111-03,Attorneys,,
10/02/2018,04/02/2019,Robertson Custom Construction,687 W I St,Benicia,CA,94510,3034,C,1 to 4,562660399,Robertson,Michael,Male,Owner,,(707) 745-4125,1521-39,Remodeling & Repairing Bldg Contractors,"Less Than $500,000",1521-39,Remodeling & Repairing Bldg Contractors,,
10/02/2018,04/02/2019,Robin & Co,101 E H St # B,Benicia,CA,94510,5500,B+,1 to 4,402168420,,,,,,(707) 748-1104,7231-06,Beauty Salons,"Less Than $500,000",7231-06,Beauty Salons,,
10/02/2018,04/02/2019,Romanoff Floor Covering,6720 Goodyear Rd,Benicia,CA,94510,1251,U,1 to 4,721478967,,,,,,(707) 297-6146,1752-03,Floor Laying Refinishing & Resurfacing,"Less Than $500,000",1752-03,Floor Laying Refinishing & Resurfacing,,
10/02/2018,04/02/2019,Rooter-Man,,Benicia,CA,94510,,B+,1 to 4,416094755,,,,,,(707) 747-5555,1711-05,Plumbing Contractors,"$500,000-1 Million",1711-05,Plumbing Contractors,,
10/02/2018,04/02/2019,Rosanna's European Delights,305 1st St,Benicia,CA,94510,3206,A,10 to 19,657656419,Hijsven,Liz,Female,Owner,,(707) 747-9333,5812-08,Restaurants,"$500,000-1 Million",5812-08,Restaurants,,
10/02/2018,04/02/2019,Rosies Cafe,3001 Bayshore Rd # 1,Benicia,CA,94510,1260,B,1 to 4,466515517,Valleo-Arriaga,Rosita,Female,Owner,,(707) 745-1154,5812-08,Restaurants,"Less Than $500,000",5812-08,Restaurants,,
10/02/2018,04/02/2019,Roszkos Family Daycare,538 Cambridge Dr,Benicia,CA,94510,1316,B,1 to 4,412840772,Roszkos,Lori,Female,Owner,,(707) 745-2123,8351-01,Child Care Service,"Less Than $500,000",8351-01,Child Care Service,,
10/02/2018,04/02/2019,Round Table Pizza,878 Southampton Rd,Benicia,CA,94510,1907,A+,20 to 49,103993168,Bigilow,Todd,Male,Owner,(707) 746-4891,(707) 746-7000,5812-22,Pizza,$1-2.5 Million,5812-22,Pizza,,
10/02/2018,04/02/2019,Rrags Caffe,1383 E 2nd St,Benicia,CA,94510,2836,A,5 to 9,179731583,Tran,Sam,Male,Manager,,(707) 748-4247,5812-08,Restaurants,"Less Than $500,000",5812-08,Restaurants,,
10/02/2018,04/02/2019,S & G Discount Carpet,533 Stone Rd,Benicia,CA,94510,1057,B,1 to 4,705898494,,,,,,(707) 297-8980,5713-05,Carpet & Rug Dealers-New,"$500,000-1 Million",5713-05,Carpet & Rug Dealers-New,,
10/02/2018,04/02/2019,S David Enterprise,401 W Channel Rd # D,Benicia,CA,94510,1150,C+,1 to 4,687613950,David,Stephen,Male,President,,(707) 746-5848,6531-27,Rental Agencies,"Less Than $500,000",6531-27,Rental Agencies,,
10/02/2018,04/02/2019,Safe T Systems Inc,,Benicia,CA,94510,,B,5 to 9,618467732,,,,,,(707) 747-5700,7382-02,Security Systems,"$500,000-1 Million",7382-02,Security Systems,,
10/02/2018,04/02/2019,Sailor Jack's,,Benicia,CA,94510,,B,5 to 9,708408657,,,,,,(707) 745-0569,5812-08,Restaurants,"Less Than $500,000",5812-08,Restaurants,,
10/02/2018,04/02/2019,Sailor Jack's,123 1st St,Benicia,CA,94510,3203,B+,5 to 9,402168781,,,,,,(707) 746-8500,5812-08,Restaurants,"Less Than $500,000",5812-08,Restaurants,,
10/02/2018,04/02/2019,Sandovals Mexican Food,640 1st St,Benicia,CA,94510,3212,A,10 to 19,314962978,Sandoval,Deanne,Female,Owner,(707) 747-9515,(707) 746-7830,5812-08,Restaurants,"$500,000-1 Million",5812-08,Restaurants,,
10/02/2018,04/02/2019,Santa Clara Warehouses Inc,360 Industrial Ct # A,Benicia,CA,94510,1138,A+,20 to 49,959532763,,,,,,(707) 748-0295,4225-05,Warehouses-Merchandise & Self Storage,,4225-05,Warehouses-Merchandise & Self Storage,,
10/02/2018,04/02/2019,Scotts Auto Repair,3801 Sprig Dr,Benicia,CA,94510,1248,C+,1 to 4,426807956,Zimmer,Scott,Male,Owner,,(707) 748-7700,7538-01,Automobile Repairing & Service,"Less Than $500,000",7538-01,Automobile Repairing & Service,,
10/02/2018,04/02/2019,Screen Machine,PO Box 267,Vineburg,CA,95487,0267,B,1 to 4,531037901,Wilson,Michael,Male,Owner,,(707) 254-0448,5211-16,Screens-Door & Window,"Less Than $500,000",5211-16,Screens-Door & Window,,
10/02/2018,04/02/2019,SFKC,360 E N St,Benicia,CA,94510,2819,C+,1 to 4,425729262,Burmann,Jeff,Male,President,,(707) 234-7352,7991-06,Personal Trainers-Fitness,"Less Than $500,000",7991-06,Personal Trainers-Fitness,,
10/02/2018,04/02/2019,Shamrock Landscape Co,PO Box 53,Benicia,CA,94510,0053,A,5 to 9,562657817,Olis,Mike,Male,Owner,,(707) 745-3685,0782-06,Lawn & Grounds Maintenance,"Less Than $500,000",0782-06,Lawn & Grounds Maintenance,,
10/02/2018,04/02/2019,Signature Tree Solution,4728 E 2nd St,Benicia,CA,94510,1052,U,1 to 4,734489153,,,,,,(707) 745-5444,0783-01,Tree Service,"Less Than $500,000",0783-01,Tree Service,,
10/02/2018,04/02/2019,Skin Medica MD,560 1st St,Benicia,CA,94510,3295,U,1 to 4,723306142,,,,,,(707) 297-6209,7231-01,Skin Treatments,"Less Than $500,000",7231-01,Skin Treatments,,
10/02/2018,04/02/2019,Sky Valley,1090 Adams St # L,Benicia,CA,94510,2953,A+,10 to 19,403996218,,,,,(707) 748-5960,(707) 748-5960,6162-01,Real Estate Loans,$2.5-5 Million,6162-01,Real Estate Loans,,
10/02/2018,04/02/2019,Solano Endodontic Speclsts,127 E H St,Benicia,CA,94510,3230,A,1 to 4,404397791,,,,,,(707) 747-0728,8021-01,Dentists,"Less Than $500,000",8021-01,Dentists,,
10/02/2018,04/02/2019,Solano Family Dentistry,300 Military W,Benicia,CA,94510,3037,B+,5 to 9,711333520,,,,,,(707) 297-6240,8021-01,Dentists,"$500,000-1 Million",8021-01,Dentists,,
10/02/2018,04/02/2019,Solano Smile Orthodontics,,Benicia,CA,94510,,A,5 to 9,700100212,,,,,,(707) 748-0500,8021-01,Dentists,"$500,000-1 Million",8021-01,Dentists,,
10/02/2018,04/02/2019,Solo Pavers Expert Inc,533 Poppy Cir,Benicia,CA,94510,3715,U,1 to 4,727926377,Cruz,Maicon,Female,Manager,,(925) 255-6502,1611-01,Paving Contractors,"$500,000-1 Million",1611-01,Paving Contractors,,
10/02/2018,04/02/2019,Sonitrol,,Benicia,CA,94510,,A,10 to 19,670455708,,,,,,(707) 745-6060,5063-04,Security Control Equip & Systems-Whls,$10-20 Million,5063-04,Security Control Equip & Systems-Whls,,
10/02/2018,04/02/2019,SOS Plumbing & Heating,3001 Bayshore Rd # 2,Benicia,CA,94510,1260,C+,1 to 4,354913162,Mc Donald,Charles,Male,Owner,,(707) 554-6620,1711-05,Plumbing Contractors,"Less Than $500,000",1711-05,Plumbing Contractors,,
10/02/2018,04/02/2019,South Coast Steel,3841 Sprig Dr,Benicia,CA,94510,1206,B,1 to 4,229765045,Dolmage,Pat,Female,Manager,,(707) 747-2765,5211-26,Building Materials,"$500,000-1 Million",5211-26,Building Materials,,
10/02/2018,04/02/2019,South Hampton Auto Repair Pro,4588 E 2nd St # A,Benicia,CA,94510,1013,B+,1 to 4,514022649,Ibarra,Norma,Female,Owner,(707) 748-1026,(707) 361-4646,7538-01,Automobile Repairing & Service,"$500,000-1 Million",7538-01,Automobile Repairing & Service,,
10/02/2018,04/02/2019,South Villa Chinese Restaurant,2040 Columbus Pkwy,Benicia,CA,94510,5400,B+,1 to 4,448482166,Jiang,Ya,Female,Owner,,(707) 747-1688,5812-08,Restaurants,"Less Than $500,000",5812-08,Restaurants,,
10/02/2018,04/02/2019,Southampton Dental Care,884 Southampton Rd,Benicia,CA,94510,1907,A,1 to 4,530426154,Chohan,Surekha,Female,Owner,(707) 748-7693,(707) 748-7600,8021-01,Dentists,"Less Than $500,000",8021-01,Dentists,,
10/02/2018,04/02/2019,Southampton Pet Hospital LTD,PO Box 547,Benicia,CA,94510,0547,A+,5 to 9,402741588,Morrey,Jeff,Male,Other,,(707) 745-1135,0742-01,Veterinarians,"$500,000-1 Million",0742-01,Veterinarians,,
10/02/2018,04/02/2019,Sp Automotive Supply,1421 E 5th St,Benicia,CA,94510,3516,A,5 to 9,448483438,Christiansen,John,Male,Site Manager,,(707) 745-5910,5531-11,Automobile Parts & Supplies-Retail-New,$1-2.5 Million,5531-11,Automobile Parts & Supplies-Retail-New,,
10/02/2018,04/02/2019,Specialty AC Products,5250 E 2nd St,Benicia,CA,94510,1004,B+,10 to 19,625818828,Forney,Dan,Male,Manager,,(707) 752-8170,7319-08,Distribution Services,$1-2.5 Million,7319-08,Distribution Services,,
10/02/2018,04/02/2019,Sport Clips,808 Southampton Rd,Benicia,CA,94510,1907,A,5 to 9,425107079,,,,,,(707) 751-1775,7231-06,Beauty Salons,"Less Than $500,000",7231-06,Beauty Salons,,
10/02/2018,04/02/2019,Spot Coolers,3195 Park Rd,Benicia,CA,94510,1185,C+,1 to 4,689528479,,,,,,(707) 745-2343,1711-17,Air Conditioning Contractors & Systems,"Less Than $500,000",1711-17,Air Conditioning Contractors & Systems,,
10/02/2018,04/02/2019,Sprankle's Village Deli,82 Solano Sq,Benicia,CA,94510,2712,B+,5 to 9,423759302,Sprankle,Chantel,Female,Owner,,(707) 297-6119,5812-08,Restaurants,"Less Than $500,000",5812-08,Restaurants,,
10/02/2018,04/02/2019,St Dominic's School,935 E 5th St,Benicia,CA,94510,3499,I,20 to 49,450086822,Cullen,Theresa,Female,Principal,(707) 745-1841,(707) 745-1266,8211-03,Schools,,8211-03,Schools,,
10/02/2018,04/02/2019,Stage One Dance Ctr,390 Military E,Benicia,CA,94510,2811,B,1 to 4,466515285,Sevier,Julie,Female,Administrator,(707) 745-1834,(707) 745-1834,7911-01,Dancing Instruction,"Less Than $500,000",7911-01,Dancing Instruction,,
10/02/2018,04/02/2019,Star Motors,986 Adams St,Benicia,CA,94510,2943,B,1 to 4,317143865,Gaumann,Tony,Male,Owner,(707) 745-6065,(707) 745-5606,7538-01,Automobile Repairing & Service,"Less Than $500,000",7538-01,Automobile Repairing & Service,,
10/02/2018,04/02/2019,Star Sports,5474 Gateway Plaza Dr,Benicia,CA,94510,2122,B+,5 to 9,858510860,Webster,Carl,Male,Owner,,(707) 745-6724,7389-42,Embroidery,"$500,000-1 Million",7389-42,Embroidery,,
10/02/2018,04/02/2019,Starbucks,820 Southampton Rd,Benicia,CA,94510,1907,A+,10 to 19,735460745,Gonzales,Cristina,Female,Site Manager,,(707) 745-6233,5812-28,Coffee Shops,"$500,000-1 Million",5812-28,Coffee Shops,,
10/02/2018,04/02/2019,State Farm Insurance,560 1st St # C103,Benicia,CA,94510,3266,B+,1 to 4,435376950,Mc Clure,Steve,Male,Manager,(707) 745-6852,(707) 745-0848,6411-12,Insurance,"Less Than $500,000",6411-12,Insurance,,
10/02/2018,04/02/2019,Stephanie Scanlan Insurance,739 1st St,Benicia,CA,94510,3213,B,1 to 4,723180904,Scanlan,Stephanie,Female,Manager,,(707) 361-5063,6411-12,Insurance,"Less Than $500,000",6411-12,Insurance,,
10/02/2018,04/02/2019,Stephanie Scanlan-State Farm,739 1st St,Benicia,CA,94510,3213,B,1 to 4,723476911,Scanlan,Stephanie,Female,,,(707) 746-0350,6411-12,Insurance,"Less Than $500,000",6411-12,Insurance,,
10/02/2018,04/02/2019,Stepping Stone Mortgage,869 Corcoran Ct,Benicia,CA,94510,3612,A,1 to 4,402168673,Bowles,Jim,Male,Owner,,(707) 748-7373,6162-01,Real Estate Loans,$1-2.5 Million,6162-01,Real Estate Loans,,
10/02/2018,04/02/2019,Stop Loss Insurance Svc,940 Adams St # C,Benicia,CA,94510,2950,A,5 to 9,409380219,Bocek,Rebecca,Female,President,(707) 748-4292,(707) 748-4274,6411-12,Insurance,"$500,000-1 Million",6411-12,Insurance,,
10/02/2018,04/02/2019,Strong Tax Svc,879 Oxford Way,Benicia,CA,94510,3644,C+,1 to 4,506821982,Strong,Elizabeth,Female,Owner,,(707) 746-6688,7291-01,Tax Return Preparation & Filing,"Less Than $500,000",7291-01,Tax Return Preparation & Filing,,
10/02/2018,04/02/2019,SUBWAY,2052 Columbus Pkwy,Benicia,CA,94510,5400,B+,1 to 4,417400975,Kur,Jody,Male,Owner,(707) 746-1555,(707) 746-1555,5812-08,Restaurants,"Less Than $500,000",5812-08,Restaurants,,
10/02/2018,04/02/2019,SUBWAY,836 Southampton Rd # D,Benicia,CA,94510,1960,A,5 to 9,858544182,,,,,(707) 747-0532,(707) 747-0532,5812-08,Restaurants,"Less Than $500,000",5812-08,Restaurants,,
10/02/2018,04/02/2019,Sue's Scissors Hair Design,1173 E 5th St,Benicia,CA,94510,3413,B+,1 to 4,858541832,Peeler,Sue,Female,Owner,,(707) 746-5035,7231-06,Beauty Salons,"Less Than $500,000",7231-06,Beauty Salons,,
10/02/2018,04/02/2019,Super Stop Deli,816 Southampton Rd,Benicia,CA,94510,1907,B,1 to 4,858537152,,,,,,(707) 745-2485,5812-09,Delicatessens,"Less Than $500,000",5812-09,Delicatessens,,
10/02/2018,04/02/2019,Supercuts,868 Southampton Rd,Benicia,CA,94510,1907,A,5 to 9,466514106,Paris,Alaina,Female,Site Manager,(707) 747-0671,(707) 747-0659,7231-06,Beauty Salons,"Less Than $500,000",7231-06,Beauty Salons,,
10/02/2018,04/02/2019,"Swoboda, Christopher DDS",202 Military E,Benicia,CA,94510,2809,B+,1 to 4,719969044,Swoboda,Christopher,Male,,,(707) 745-4902,8021-01,Dentists,"$500,000-1 Million",8021-01,Dentists,,
10/02/2018,04/02/2019,Synergy Hair,321 1st St # 102,Benicia,CA,94510,3268,B+,1 to 4,506819770,Thorn,Kim,Female,Owner,,(707) 747-1651,7231-06,Beauty Salons,"Less Than $500,000",7231-06,Beauty Salons,,
10/02/2018,04/02/2019,Szechwan House,500 1st St # A,Benicia,CA,94510,3210,A,5 to 9,301921342,Tran,David,Male,Owner,(707) 751-0220,(707) 745-4743,5812-08,Restaurants,"Less Than $500,000",5812-08,Restaurants,,
10/02/2018,04/02/2019,T J & M Masonry,230 E K St,Benicia,CA,94510,3317,B,1 to 4,401723238,Chavez,Francisco,Male,President,,(707) 746-8483,1741-01,Masonry Contractors,"Less Than $500,000",1741-01,Masonry Contractors,,
10/02/2018,04/02/2019,Taco Bell,700 Military W,Benicia,CA,94510,2560,A,10 to 19,423452362,Hernandez,Jose,Male,Site Manager,,(707) 751-0877,5812-08,Restaurants,"$500,000-1 Million",5812-08,Restaurants,,
10/02/2018,04/02/2019,Team Industrial Svc Inc,4700 E 2nd St,Benicia,CA,94510,1012,A+,20 to 49,858544125,Kolcun,Joe,Male,Manager,(707) 748-5804,(707) 748-5800,3679-01,Electronic Equipment & Supplies-Mfrs,$2.5-5 Million,3679-01,Electronic Equipment & Supplies-Mfrs,,
10/02/2018,04/02/2019,Tenret Tile,381 E L St,Benicia,CA,94510,3442,C+,1 to 4,530426444,Tenret,Jerry,Male,Owner,,(707) 751-1700,5712-13,Counter Tops,"Less Than $500,000",5712-13,Counter Tops,,
10/02/2018,04/02/2019,Thomas K Porta Inc,2044 Columbus Pkwy,Benicia,CA,94510,5400,A,1 to 4,487437576,Jeans,T L,,Owner,,(707) 746-7400,8111-03,Attorneys,"Less Than $500,000",8111-03,Attorneys,,
10/02/2018,04/02/2019,Three D Electric Co,4690 E 2nd St # 4,Benicia,CA,94510,1008,B+,5 to 9,638913319,Smith,John,Male,CEO,,(707) 297-6477,1731-01,Electric Contractors,"$500,000-1 Million",1731-01,Electric Contractors,,
10/02/2018,04/02/2019,Titan Electric,,Benicia,CA,94510,,C+,1 to 4,674105093,,,,,,(707) 748-4249,1731-01,Electric Contractors,"Less Than $500,000",1731-01,Electric Contractors,,
10/02/2018,04/02/2019,Tony Martin Installation,1782 Audrey Ct,Benicia,CA,94510,2645,B,1 to 4,405787701,Martin,Tony,Male,Owner,,(707) 751-1672,7538-01,Automobile Repairing & Service,"Less Than $500,000",7538-01,Automobile Repairing & Service,,
10/02/2018,04/02/2019,Top End Constructors,3840 Industrial Way,Benicia,CA,94510,1220,C,1 to 4,716862771,,,,,,(707) 297-6311,1521-03,General Contractors,"$500,000-1 Million",1521-03,General Contractors,,
10/02/2018,04/02/2019,Traynor Taxes & Sm Bus,1440 Military W,Benicia,CA,94510,2451,C,1 to 4,710822870,,,,,,(707) 745-1099,7291-01,Tax Return Preparation & Filing,"Less Than $500,000",7291-01,Tax Return Preparation & Filing,,
10/02/2018,04/02/2019,Tri City Autowash,505 Military E,Benicia,CA,94510,3517,B,1 to 4,425201164,,,,,,(707) 751-1580,7542-01,Car Washing & Polishing,"Less Than $500,000",7542-01,Car Washing & Polishing,,
10/02/2018,04/02/2019,Tri County Floors,536 Stone Rd,Benicia,CA,94510,1153,C,1 to 4,436055178,,,,,,(707) 747-5822,1752-03,Floor Laying Refinishing & Resurfacing,"Less Than $500,000",1752-03,Floor Laying Refinishing & Resurfacing,,
10/02/2018,04/02/2019,Trinity EMCS-Benecia,560 1st St # B201,Benicia,CA,94510,3293,B+,5 to 9,416094698,,,,,,(707) 297-6600,1711-02,Heating Contractors,"$500,000-1 Million",1711-02,Heating Contractors,,
10/02/2018,04/02/2019,Twistted Sisters Hair Studio,821 E 2nd St # 201e,Benicia,CA,94510,3344,B,1 to 4,423759198,Brazael,Trasi,,Manager,,(707) 980-0856,7231-06,Beauty Salons,"Less Than $500,000",7231-06,Beauty Salons,,
10/02/2018,04/02/2019,U.S. Bank Branch,848 Southampton Rd,Benicia,CA,94510,1907,A+,5 to 9,562663187,,,,,(707) 745-9013,(707) 745-4144,6021-01,Banks,$1-2.5 Million,6021-01,Banks,,
10/02/2018,04/02/2019,UMA Solar,537 Stone Rd # B,Benicia,CA,94510,1171,B,1 to 4,666594858,Gahagan,Jeff,Male,Manager,,(707) 863-7723,5074-05,Solar Energy Equipment-Wholesale,$1-2.5 Million,5074-05,Solar Energy Equipment-Wholesale,,
10/02/2018,04/02/2019,Umpqua Bank,1395 E 2nd St,Benicia,CA,94510,2836,A+,5 to 9,545242190,Phoenix,Jae,Male,Site Manager,(707) 748-3290,(707) 748-3270,6021-01,Banks,$1-2.5 Million,6021-01,Banks,,
10/02/2018,04/02/2019,Union Hotel,401 1st St,Benicia,CA,94510,3207,B+,1 to 4,588793893,Woytak,Lidia,Female,Owner,(707) 746-7849,(707) 746-0110,7011-01,Hotels & Motels,"$500,000-1 Million",7011-01,Hotels & Motels,,
10/02/2018,04/02/2019,Union Hotel Restaurant & Bar,401 1st St,Benicia,CA,94510,3207,A,5 to 9,715179201,Oviedo,Gabriel,Male,Other,,(707) 746-7847,5812-08,Restaurants,"Less Than $500,000",5812-08,Restaurants,,
10/02/2018,04/02/2019,Up 2 Code Plumbing & Boilers,,Benicia,CA,94510,,B,1 to 4,426980259,,,,,,(707) 751-1714,1711-05,Plumbing Contractors,"$500,000-1 Million",1711-05,Plumbing Contractors,,
10/02/2018,04/02/2019,Up2code Plumbing,PO Box 2385,Benicia,CA,94510,5385,C+,1 to 4,706581708,Pitta,Mike,Male,Owner,,(707) 333-5992,1711-05,Plumbing Contractors,"Less Than $500,000",1711-05,Plumbing Contractors,,
10/02/2018,04/02/2019,UPS Store,77 Solano Sq,Benicia,CA,94510,2712,B+,1 to 4,588794107,Bohra,Sudah,Female,Owner,(707) 747-1557,(707) 747-1699,7331-01,Mailing & Shipping Services,"Less Than $500,000",7331-01,Mailing & Shipping Services,,
10/02/2018,04/02/2019,Ur-Attitude,832 1st St,Benicia,CA,94510,3216,B+,1 to 4,416094854,,,,,,(707) 746-6393,7231-06,Beauty Salons,"Less Than $500,000",7231-06,Beauty Salons,,
10/02/2018,04/02/2019,V Thomas Langford Law Office,1001 Madison St # 1,Benicia,CA,94510,2927,A,1 to 4,417400454,Langford,V Thomas,Male,,,(707) 747-5133,8111-03,Attorneys,"Less Than $500,000",8111-03,Attorneys,,
10/02/2018,04/02/2019,Vallejos Tae KWON Do Academy,PO Box 1213,Benicia,CA,94510,4213,B,1 to 4,858541576,Vallejos,Ruben,Male,Owner,,(707) 746-1795,7999-45,Martial Arts Instruction,"Less Than $500,000",7999-45,Martial Arts Instruction,,
10/02/2018,04/02/2019,VCA Benicia Animal Hospital,335 Military W,Benicia,CA,94510,3036,C+,10 to 19,734403276,,,,,,(707) 745-4600,0742-03,Animal Hospitals,$1-2.5 Million,0742-03,Animal Hospitals,,
10/02/2018,04/02/2019,Venticello's Ristorante-Bnc,911 1st St,Benicia,CA,94510,3217,A,5 to 9,176414241,Cortez,Romero,Male,Owner,,(707) 747-5263,5812-08,Restaurants,"Less Than $500,000",5812-08,Restaurants,,
10/02/2018,04/02/2019,Vera Leigh Marcus Inc,1060 Grant St,Benicia,CA,94510,2940,B+,1 to 4,438235006,,,,,,(707) 747-0713,8111-03,Attorneys,"Less Than $500,000",8111-03,Attorneys,,
10/02/2018,04/02/2019,Vigil Mechanical Inc,4816 E 2nd St,Benicia,CA,94510,1023,C+,1 to 4,222614547,Vigil,Cam,Male,Owner,,(707) 748-1000,1711-14,Mechanical Contractors,"Less Than $500,000",1711-14,Mechanical Contractors,,
10/02/2018,04/02/2019,Vince's Landscaping,,Benicia,CA,94510,,B,1 to 4,506819994,Martino,Vince,Male,Manager,,(707) 747-0545,0782-06,Lawn & Grounds Maintenance,"Less Than $500,000",0782-06,Lawn & Grounds Maintenance,,
10/02/2018,04/02/2019,W R Meadows Of Cal Inc,,Benicia,CA,94510,,C,1 to 4,439752116,,,,,,(707) 745-6066,5211-26,Building Materials,"$500,000-1 Million",5211-26,Building Materials,,
10/02/2018,04/02/2019,Weight Watchers,120 E J St,Benicia,CA,94510,3235,C,10 to 19,734185328,,,,,,(800) 651-6000,7299-34,Weight Control Services,"Less Than $500,000",7299-34,Weight Control Services,,
10/02/2018,04/02/2019,Wells Fargo Bank,892 Southampton Rd,Benicia,CA,94510,1907,A+,5 to 9,562657379,Fernandez,Derek,Male,Site Manager,,(707) 745-0688,6021-01,Banks,$1-2.5 Million,6021-01,Banks,,
10/02/2018,04/02/2019,William Kent Kelley Ins Svc,1350 Hayes St # A25,Benicia,CA,94510,2971,B+,1 to 4,262268816,Kelley,William K,Male,Manager,,(707) 745-1919,6411-12,Insurance,"Less Than $500,000",6411-12,Insurance,,
10/02/2018,04/02/2019,Woltz Electric,4870 E 2nd St,Benicia,CA,94510,1023,C+,1 to 4,689528495,Woltz,William,Male,Owner,,(707) 745-1500,1731-01,Electric Contractors,"Less Than $500,000",1731-01,Electric Contractors,,
10/02/2018,04/02/2019,Wolves Heating & Air Cond,,Benicia,CA,94510,,C+,1 to 4,416094536,,,,,,(707) 745-3999,1711-17,Air Conditioning Contractors & Systems,"Less Than $500,000",1711-17,Air Conditioning Contractors & Systems,,
10/02/2018,04/02/2019,"Wong, Teresina N DDS",2008 Columbus Pkwy,Benicia,CA,94510,5400,A+,1 to 4,735298996,Wong,Teresina N,Female,,(707) 745-3847,(707) 745-3838,8021-01,Dentists,"$500,000-1 Million",8021-01,Dentists,,
10/02/2018,04/02/2019,Wright Brothers Supply,3701 Industrial Way,Benicia,CA,94510,1226,A,5 to 9,262267149,Farmer,Randy,Male,Manager,,(707) 747-0102,3423-04,Dry Wall Contractors Equip & Supl-Mfrs,"$500,000-1 Million",3423-04,Dry Wall Contractors Equip & Supl-Mfrs,,
10/02/2018,04/02/2019,Wright In Home Senior Svc,849 1st St,Benicia,CA,94510,3257,B+,5 to 9,403759745,,,,,,(707) 750-5161,8082-01,Home Health Service,"Less Than $500,000",8082-01,Home Health Service,,
10/02/2018,04/02/2019,Yan's Day Spa,328 1st St,Benicia,CA,94510,3553,C+,1 to 4,404824876,Xu,Yan,Female,Owner,,(707) 745-5888,7231-19,Spas-Beauty & Day,"Less Than $500,000",7231-19,Spas-Beauty & Day,,
